TP,FP,FN,TPR,FPR,Precision,F1,Topology,Seed,N_true_edges,Method,Input,Time
15,0,1,0.9375,0.0,1.0,0.967741935483871,Hub,7,16,oCSE,basis,12.487627744674683
13,14,3,0.8125,0.7,0.48148148148148145,0.6046511627906976,Hub,7,16,PCMCI,basis,4.282268285751343
12,12,4,0.75,0.6,0.5,0.6,Hub,7,16,Granger,raw,0.01066279411315918
13,14,3,0.8125,0.7,0.48148148148148145,0.6046511627906976,Hub,7,16,Granger,basis,0.018443584442138672
6,2,10,0.375,0.1,0.75,0.5,Hub,7,16,VARLiNGAM,raw,0.26174378395080566
5,1,11,0.3125,0.05,0.8333333333333334,0.45454545454545453,Hub,7,16,VARLiNGAM,basis,7.454704523086548
16,4,0,1.0,0.2,0.8,0.888888888888889,Hub,42,16,oCSE,basis,12.378966808319092
16,14,0,1.0,0.7,0.5333333333333333,0.6956521739130436,Hub,42,16,PCMCI,basis,4.426248788833618
7,3,9,0.4375,0.15,0.7,0.5384615384615384,Hub,42,16,Granger,raw,0.010500907897949219
16,13,0,1.0,0.65,0.5517241379310345,0.7111111111111111,Hub,42,16,Granger,basis,0.018186569213867188
5,2,11,0.3125,0.1,0.7142857142857143,0.43478260869565216,Hub,42,16,VARLiNGAM,raw,0.26358532905578613
10,0,6,0.625,0.0,1.0,0.7692307692307693,Hub,42,16,VARLiNGAM,basis,7.164893627166748
15,1,1,0.9375,0.05,0.9375,0.9375,Hub,142,16,oCSE,basis,12.069992542266846
14,9,2,0.875,0.45,0.6086956521739131,0.717948717948718,Hub,142,16,PCMCI,basis,4.152068614959717
9,1,7,0.5625,0.05,0.9,0.6923076923076923,Hub,142,16,Granger,raw,0.010251283645629883
15,10,1,0.9375,0.5,0.6,0.7317073170731707,Hub,142,16,Granger,basis,0.0183103084564209
6,0,10,0.375,0.0,1.0,0.5454545454545454,Hub,142,16,VARLiNGAM,raw,0.26625895500183105
5,0,11,0.3125,0.0,1.0,0.47619047619047616,Hub,142,16,VARLiNGAM,basis,7.232497930526733
15,0,1,0.9375,0.0,1.0,0.967741935483871,Hub,242,16,oCSE,basis,11.614791631698608
15,9,1,0.9375,0.45,0.625,0.75,Hub,242,16,PCMCI,basis,4.200042963027954
12,1,4,0.75,0.05,0.9230769230769231,0.8275862068965517,Hub,242,16,Granger,raw,0.010348796844482422
15,10,1,0.9375,0.5,0.6,0.7317073170731707,Hub,242,16,Granger,basis,0.017971038818359375
8,0,8,0.5,0.0,1.0,0.6666666666666666,Hub,242,16,VARLiNGAM,raw,0.2654244899749756
4,1,12,0.25,0.05,0.8,0.38095238095238093,Hub,242,16,VARLiNGAM,basis,7.305091381072998
16,3,0,1.0,0.15,0.8421052631578947,0.9142857142857143,Hub,342,16,oCSE,basis,12.82011365890503
14,8,2,0.875,0.4,0.6363636363636364,0.7368421052631579,Hub,342,16,PCMCI,basis,4.418022632598877
12,2,4,0.75,0.1,0.8571428571428571,0.7999999999999999,Hub,342,16,Granger,raw,0.01023411750793457
16,8,0,1.0,0.4,0.6666666666666666,0.8,Hub,342,16,Granger,basis,0.017730712890625
4,0,12,0.25,0.0,1.0,0.4,Hub,342,16,VARLiNGAM,raw,0.2611699104309082
2,0,14,0.125,0.0,1.0,0.2222222222222222,Hub,342,16,VARLiNGAM,basis,7.102105379104614
12,2,0,1.0,0.08333333333333333,0.8571428571428571,0.923076923076923,Small-World,7,12,oCSE,basis,11.91010856628418
11,12,1,0.9166666666666666,0.5,0.4782608695652174,0.6285714285714286,Small-World,7,12,PCMCI,basis,4.325989007949829
9,4,3,0.75,0.16666666666666666,0.6923076923076923,0.7199999999999999,Small-World,7,12,Granger,raw,0.010216951370239258
12,15,0,1.0,0.625,0.4444444444444444,0.6153846153846153,Small-World,7,12,Granger,basis,0.018210411071777344
5,1,7,0.4166666666666667,0.041666666666666664,0.8333333333333334,0.5555555555555556,Small-World,7,12,VARLiNGAM,raw,0.2655956745147705
7,0,5,0.5833333333333334,0.0,1.0,0.7368421052631579,Small-World,7,12,VARLiNGAM,basis,7.30456280708313
12,3,0,1.0,0.125,0.8,0.888888888888889,Small-World,42,12,oCSE,basis,11.849276065826416
11,6,1,0.9166666666666666,0.25,0.6470588235294118,0.7586206896551724,Small-World,42,12,PCMCI,basis,2.77298641204834
5,1,7,0.4166666666666667,0.041666666666666664,0.8333333333333334,0.5555555555555556,Small-World,42,12,Granger,raw,0.010248422622680664
11,6,1,0.9166666666666666,0.25,0.6470588235294118,0.7586206896551724,Small-World,42,12,Granger,basis,0.018037796020507812
3,0,9,0.25,0.0,1.0,0.4,Small-World,42,12,VARLiNGAM,raw,0.26621031761169434
6,0,6,0.5,0.0,1.0,0.6666666666666666,Small-World,42,12,VARLiNGAM,basis,6.954449892044067
12,2,0,1.0,0.08333333333333333,0.8571428571428571,0.923076923076923,Small-World,142,12,oCSE,basis,11.661340236663818
11,11,1,0.9166666666666666,0.4583333333333333,0.5,0.6470588235294118,Small-World,142,12,PCMCI,basis,3.9892590045928955
5,1,7,0.4166666666666667,0.041666666666666664,0.8333333333333334,0.5555555555555556,Small-World,142,12,Granger,raw,0.010152816772460938
11,12,1,0.9166666666666666,0.5,0.4782608695652174,0.6285714285714286,Small-World,142,12,Granger,basis,0.01791095733642578
2,0,10,0.16666666666666666,0.0,1.0,0.2857142857142857,Small-World,142,12,VARLiNGAM,raw,0.26076245307922363
5,0,7,0.4166666666666667,0.0,1.0,0.5882352941176471,Small-World,142,12,VARLiNGAM,basis,7.025460958480835
12,4,0,1.0,0.16666666666666666,0.75,0.8571428571428571,Small-World,242,12,oCSE,basis,12.327239990234375
12,4,0,1.0,0.16666666666666666,0.75,0.8571428571428571,Small-World,242,12,PCMCI,basis,3.0721728801727295
3,1,9,0.25,0.041666666666666664,0.75,0.375,Small-World,242,12,Granger,raw,0.010600090026855469
12,5,0,1.0,0.20833333333333334,0.7058823529411765,0.8275862068965517,Small-World,242,12,Granger,basis,0.018488168716430664
2,0,10,0.16666666666666666,0.0,1.0,0.2857142857142857,Small-World,242,12,VARLiNGAM,raw,0.2595367431640625
6,0,6,0.5,0.0,1.0,0.6666666666666666,Small-World,242,12,VARLiNGAM,basis,7.303439617156982
12,3,0,1.0,0.125,0.8,0.888888888888889,Small-World,342,12,oCSE,basis,12.495370864868164
12,10,0,1.0,0.4166666666666667,0.5454545454545454,0.7058823529411764,Small-World,342,12,PCMCI,basis,2.899247169494629
3,2,9,0.25,0.08333333333333333,0.6,0.35294117647058826,Small-World,342,12,Granger,raw,0.010195493698120117
12,10,0,1.0,0.4166666666666667,0.5454545454545454,0.7058823529411764,Small-World,342,12,Granger,basis,0.017834186553955078
2,0,10,0.16666666666666666,0.0,1.0,0.2857142857142857,Small-World,342,12,VARLiNGAM,raw,0.2655911445617676
5,0,7,0.4166666666666667,0.0,1.0,0.5882352941176471,Small-World,342,12,VARLiNGAM,basis,7.139259099960327
14,3,1,0.9333333333333333,0.14285714285714285,0.8235294117647058,0.8749999999999999,Erdos-Renyi,7,15,oCSE,basis,11.935111284255981
12,11,3,0.8,0.5238095238095238,0.5217391304347826,0.6315789473684211,Erdos-Renyi,7,15,PCMCI,basis,5.291144609451294
11,9,4,0.7333333333333333,0.42857142857142855,0.55,0.6285714285714286,Erdos-Renyi,7,15,Granger,raw,0.010331392288208008
15,15,0,1.0,0.7142857142857143,0.5,0.6666666666666666,Erdos-Renyi,7,15,Granger,basis,0.01818060874938965
4,4,11,0.26666666666666666,0.19047619047619047,0.5,0.3478260869565218,Erdos-Renyi,7,15,VARLiNGAM,raw,0.2671031951904297
2,0,13,0.13333333333333333,0.0,1.0,0.23529411764705882,Erdos-Renyi,7,15,VARLiNGAM,basis,7.073584079742432
15,4,0,1.0,0.19047619047619047,0.7894736842105263,0.8823529411764706,Erdos-Renyi,42,15,oCSE,basis,12.405142068862915
14,8,1,0.9333333333333333,0.38095238095238093,0.6363636363636364,0.7567567567567568,Erdos-Renyi,42,15,PCMCI,basis,4.069896936416626
4,3,11,0.26666666666666666,0.14285714285714285,0.5714285714285714,0.36363636363636365,Erdos-Renyi,42,15,Granger,raw,0.01020669937133789
15,12,0,1.0,0.5714285714285714,0.5555555555555556,0.7142857142857143,Erdos-Renyi,42,15,Granger,basis,0.01775646209716797
2,1,13,0.13333333333333333,0.047619047619047616,0.6666666666666666,0.2222222222222222,Erdos-Renyi,42,15,VARLiNGAM,raw,0.26616334915161133
5,1,10,0.3333333333333333,0.047619047619047616,0.8333333333333334,0.47619047619047616,Erdos-Renyi,42,15,VARLiNGAM,basis,7.192008972167969
13,1,0,1.0,0.043478260869565216,0.9285714285714286,0.962962962962963,Erdos-Renyi,142,13,oCSE,basis,11.75793743133545
11,9,2,0.8461538461538461,0.391304347826087,0.55,0.6666666666666667,Erdos-Renyi,142,13,PCMCI,basis,3.542454481124878
5,1,8,0.38461538461538464,0.043478260869565216,0.8333333333333334,0.5263157894736842,Erdos-Renyi,142,13,Granger,raw,0.010160207748413086
10,9,3,0.7692307692307693,0.391304347826087,0.5263157894736842,0.625,Erdos-Renyi,142,13,Granger,basis,0.01774907112121582
3,0,10,0.23076923076923078,0.0,1.0,0.375,Erdos-Renyi,142,13,VARLiNGAM,raw,0.2640843391418457
4,0,9,0.3076923076923077,0.0,1.0,0.47058823529411764,Erdos-Renyi,142,13,VARLiNGAM,basis,7.002363681793213
14,3,0,1.0,0.13636363636363635,0.8235294117647058,0.9032258064516129,Erdos-Renyi,242,14,oCSE,basis,11.977051258087158
13,9,1,0.9285714285714286,0.4090909090909091,0.5909090909090909,0.7222222222222223,Erdos-Renyi,242,14,PCMCI,basis,4.196911573410034
7,4,7,0.5,0.18181818181818182,0.6363636363636364,0.56,Erdos-Renyi,242,14,Granger,raw,0.010228157043457031
13,8,1,0.9285714285714286,0.36363636363636365,0.6190476190476191,0.742857142857143,Erdos-Renyi,242,14,Granger,basis,0.017891407012939453
4,4,10,0.2857142857142857,0.18181818181818182,0.5,0.36363636363636365,Erdos-Renyi,242,14,VARLiNGAM,raw,0.2650277614593506
9,0,5,0.6428571428571429,0.0,1.0,0.782608695652174,Erdos-Renyi,242,14,VARLiNGAM,basis,7.149387836456299
9,1,0,1.0,0.037037037037037035,0.9,0.9473684210526316,Erdos-Renyi,342,9,oCSE,basis,11.629648685455322
8,2,1,0.8888888888888888,0.07407407407407407,0.8,0.8421052631578948,Erdos-Renyi,342,9,PCMCI,basis,2.1809024810791016
1,0,8,0.1111111111111111,0.0,1.0,0.19999999999999998,Erdos-Renyi,342,9,Granger,raw,0.010307788848876953
9,2,0,1.0,0.07407407407407407,0.8181818181818182,0.9,Erdos-Renyi,342,9,Granger,basis,0.017659902572631836
0,0,9,0.0,0.0,0.0,0.0,Erdos-Renyi,342,9,VARLiNGAM,raw,0.26883721351623535
0,0,9,0.0,0.0,0.0,0.0,Erdos-Renyi,342,9,VARLiNGAM,basis,7.117174863815308
