TP,FP,FN,TPR,FPR,Precision,F1,Time,Experiment,Parameter,Trial,Method
11,2,1,0.9166666666666666,0.022727272727272728,0.8461538461538461,0.8799999999999999,2.530287027359009,ER_Density,0.1,0,oCSE
11,7,1,0.9166666666666666,0.07954545454545454,0.6111111111111112,0.7333333333333334,0.09602570533752441,ER_Density,0.1,0,PCMCI
0,11,12,0.0,0.125,0.0,0.0,0.0772407054901123,ER_Density,0.1,0,VARLiNGAM
11,6,1,0.9166666666666666,0.06818181818181818,0.6470588235294118,0.7586206896551724,0.022873401641845703,ER_Density,0.1,0,Linear Granger
14,1,1,0.9333333333333333,0.011764705882352941,0.9333333333333333,0.9333333333333333,2.5837552547454834,ER_Density,0.1,1,oCSE
13,4,2,0.8666666666666667,0.047058823529411764,0.7647058823529411,0.8125,0.0987091064453125,ER_Density,0.1,1,PCMCI
2,11,13,0.13333333333333333,0.12941176470588237,0.15384615384615385,0.14285714285714288,0.07194232940673828,ER_Density,0.1,1,VARLiNGAM
13,8,2,0.8666666666666667,0.09411764705882353,0.6190476190476191,0.7222222222222222,0.022062063217163086,ER_Density,0.1,1,Linear Granger
8,3,0,1.0,0.03260869565217391,0.7272727272727273,0.8421052631578948,2.4257683753967285,ER_Density,0.1,2,oCSE
8,7,0,1.0,0.07608695652173914,0.5333333333333333,0.6956521739130436,0.09145617485046387,ER_Density,0.1,2,PCMCI
2,6,6,0.25,0.06521739130434782,0.25,0.25,0.07098627090454102,ER_Density,0.1,2,VARLiNGAM
8,7,0,1.0,0.07608695652173914,0.5333333333333333,0.6956521739130436,0.022253990173339844,ER_Density,0.1,2,Linear Granger
7,5,1,0.875,0.05434782608695652,0.5833333333333334,0.7000000000000001,2.4696218967437744,ER_Density,0.1,3,oCSE
7,11,1,0.875,0.11956521739130435,0.3888888888888889,0.5384615384615385,0.08706140518188477,ER_Density,0.1,3,PCMCI
0,6,8,0.0,0.06521739130434782,0.0,0.0,0.07121682167053223,ER_Density,0.1,3,VARLiNGAM
7,3,1,0.875,0.03260869565217391,0.7,0.7777777777777777,0.02235722541809082,ER_Density,0.1,3,Linear Granger
5,1,1,0.8333333333333334,0.010638297872340425,0.8333333333333334,0.8333333333333334,2.1896653175354004,ER_Density,0.1,4,oCSE
5,2,1,0.8333333333333334,0.02127659574468085,0.7142857142857143,0.7692307692307692,0.07728052139282227,ER_Density,0.1,4,PCMCI
0,6,6,0.0,0.06382978723404255,0.0,0.0,0.07062554359436035,ER_Density,0.1,4,VARLiNGAM
5,1,1,0.8333333333333334,0.010638297872340425,0.8333333333333334,0.8333333333333334,0.022090911865234375,ER_Density,0.1,4,Linear Granger
15,1,2,0.8823529411764706,0.012048192771084338,0.9375,0.9090909090909091,2.671936511993408,ER_Density,0.2,0,oCSE
15,8,2,0.8823529411764706,0.0963855421686747,0.6521739130434783,0.75,0.10081338882446289,ER_Density,0.2,0,PCMCI
5,9,12,0.29411764705882354,0.10843373493975904,0.35714285714285715,0.3225806451612903,0.07273077964782715,ER_Density,0.2,0,VARLiNGAM
14,9,3,0.8235294117647058,0.10843373493975904,0.6086956521739131,0.7,0.022637367248535156,ER_Density,0.2,0,Linear Granger
20,0,2,0.9090909090909091,0.0,1.0,0.9523809523809523,2.804720640182495,ER_Density,0.2,1,oCSE
19,3,3,0.8636363636363636,0.038461538461538464,0.8636363636363636,0.8636363636363636,0.11029434204101562,ER_Density,0.2,1,PCMCI
8,12,14,0.36363636363636365,0.15384615384615385,0.4,0.380952380952381,0.07014799118041992,ER_Density,0.2,1,VARLiNGAM
19,12,3,0.8636363636363636,0.15384615384615385,0.6129032258064516,0.7169811320754716,0.022638320922851562,ER_Density,0.2,1,Linear Granger
20,1,1,0.9523809523809523,0.012658227848101266,0.9523809523809523,0.9523809523809523,2.9046883583068848,ER_Density,0.2,2,oCSE
20,5,1,0.9523809523809523,0.06329113924050633,0.8,0.8695652173913043,0.11459112167358398,ER_Density,0.2,2,PCMCI
6,14,15,0.2857142857142857,0.17721518987341772,0.3,0.2926829268292683,0.0713040828704834,ER_Density,0.2,2,VARLiNGAM
20,19,1,0.9523809523809523,0.24050632911392406,0.5128205128205128,0.6666666666666666,0.02244114875793457,ER_Density,0.2,2,Linear Granger
21,3,5,0.8076923076923077,0.04054054054054054,0.875,0.8400000000000001,3.0539112091064453,ER_Density,0.2,3,oCSE
22,7,4,0.8461538461538461,0.0945945945945946,0.7586206896551724,0.8,0.10663199424743652,ER_Density,0.2,3,PCMCI
4,15,22,0.15384615384615385,0.20270270270270271,0.21052631578947367,0.17777777777777778,0.07225990295410156,ER_Density,0.2,3,VARLiNGAM
18,9,8,0.6923076923076923,0.12162162162162163,0.6666666666666666,0.6792452830188679,0.022340059280395508,ER_Density,0.2,3,Linear Granger
11,2,2,0.8461538461538461,0.022988505747126436,0.8461538461538461,0.8461538461538461,2.5353658199310303,ER_Density,0.2,4,oCSE
11,2,2,0.8461538461538461,0.022988505747126436,0.8461538461538461,0.8461538461538461,0.08903098106384277,ER_Density,0.2,4,PCMCI
3,7,10,0.23076923076923078,0.08045977011494253,0.3,0.2608695652173913,0.07084298133850098,ER_Density,0.2,4,VARLiNGAM
10,3,3,0.7692307692307693,0.034482758620689655,0.7692307692307693,0.7692307692307693,0.02207660675048828,ER_Density,0.2,4,Linear Granger
29,2,5,0.8529411764705882,0.030303030303030304,0.9354838709677419,0.8923076923076922,3.4038310050964355,ER_Density,0.3,0,oCSE
28,6,6,0.8235294117647058,0.09090909090909091,0.8235294117647058,0.8235294117647058,0.12356209754943848,ER_Density,0.3,0,PCMCI
14,15,20,0.4117647058823529,0.22727272727272727,0.4827586206896552,0.4444444444444445,0.07384896278381348,ER_Density,0.3,0,VARLiNGAM
26,12,8,0.7647058823529411,0.18181818181818182,0.6842105263157895,0.7222222222222222,0.02289104461669922,ER_Density,0.3,0,Linear Granger
28,2,4,0.875,0.029411764705882353,0.9333333333333333,0.9032258064516129,3.320204973220825,ER_Density,0.3,1,oCSE
28,2,4,0.875,0.029411764705882353,0.9333333333333333,0.9032258064516129,0.13136768341064453,ER_Density,0.3,1,PCMCI
11,19,21,0.34375,0.27941176470588236,0.36666666666666664,0.3548387096774193,0.07213616371154785,ER_Density,0.3,1,VARLiNGAM
28,21,4,0.875,0.3088235294117647,0.5714285714285714,0.691358024691358,0.02212810516357422,ER_Density,0.3,1,Linear Granger
28,4,3,0.9032258064516129,0.057971014492753624,0.875,0.8888888888888888,3.348719596862793,ER_Density,0.3,2,oCSE
28,1,3,0.9032258064516129,0.014492753623188406,0.9655172413793104,0.9333333333333333,0.11425375938415527,ER_Density,0.3,2,PCMCI
12,15,19,0.3870967741935484,0.21739130434782608,0.4444444444444444,0.41379310344827586,0.0708305835723877,ER_Density,0.3,2,VARLiNGAM
26,6,5,0.8387096774193549,0.08695652173913043,0.8125,0.8253968253968254,0.022365570068359375,ER_Density,0.3,2,Linear Granger
24,1,8,0.75,0.014705882352941176,0.96,0.8421052631578947,3.0979702472686768,ER_Density,0.3,3,oCSE
24,6,8,0.75,0.08823529411764706,0.8,0.7741935483870969,0.11680221557617188,ER_Density,0.3,3,PCMCI
7,17,25,0.21875,0.25,0.2916666666666667,0.25,0.07021307945251465,ER_Density,0.3,3,VARLiNGAM
25,5,7,0.78125,0.07352941176470588,0.8333333333333334,0.8064516129032259,0.022113561630249023,ER_Density,0.3,3,Linear Granger
19,0,1,0.95,0.0,1.0,0.9743589743589743,2.793778896331787,ER_Density,0.3,4,oCSE
18,1,2,0.9,0.0125,0.9473684210526315,0.9230769230769231,0.10819458961486816,ER_Density,0.3,4,PCMCI
9,8,11,0.45,0.1,0.5294117647058824,0.48648648648648646,0.07132148742675781,ER_Density,0.3,4,VARLiNGAM
19,15,1,0.95,0.1875,0.5588235294117647,0.7037037037037037,0.02219247817993164,ER_Density,0.3,4,Linear Granger
33,1,11,0.75,0.017857142857142856,0.9705882352941176,0.846153846153846,3.5095667839050293,ER_Density,0.4,0,oCSE
33,8,11,0.75,0.14285714285714285,0.8048780487804879,0.7764705882352942,0.12540125846862793,ER_Density,0.4,0,PCMCI
18,14,26,0.4090909090909091,0.25,0.5625,0.47368421052631576,0.07197785377502441,ER_Density,0.4,0,VARLiNGAM
30,12,14,0.6818181818181818,0.21428571428571427,0.7142857142857143,0.6976744186046512,0.022375106811523438,ER_Density,0.4,0,Linear Granger
37,2,3,0.925,0.03333333333333333,0.9487179487179487,0.9367088607594937,3.6774587631225586,ER_Density,0.4,1,oCSE
34,4,6,0.85,0.06666666666666667,0.8947368421052632,0.8717948717948718,0.15013384819030762,ER_Density,0.4,1,PCMCI
18,16,22,0.45,0.26666666666666666,0.5294117647058824,0.48648648648648646,0.07101678848266602,ER_Density,0.4,1,VARLiNGAM
35,29,5,0.875,0.48333333333333334,0.546875,0.6730769230769231,0.022272348403930664,ER_Density,0.4,1,Linear Granger
38,1,4,0.9047619047619048,0.017241379310344827,0.9743589743589743,0.9382716049382716,3.606938123703003,ER_Density,0.4,2,oCSE
38,2,4,0.9047619047619048,0.034482758620689655,0.95,0.9268292682926829,0.1380319595336914,ER_Density,0.4,2,PCMCI
17,21,25,0.40476190476190477,0.3620689655172414,0.4473684210526316,0.42500000000000004,0.07179570198059082,ER_Density,0.4,2,VARLiNGAM
39,9,3,0.9285714285714286,0.15517241379310345,0.8125,0.8666666666666666,0.022243976593017578,ER_Density,0.4,2,Linear Granger
32,3,8,0.8,0.05,0.9142857142857143,0.8533333333333333,3.5153088569641113,ER_Density,0.4,3,oCSE
31,7,9,0.775,0.11666666666666667,0.8157894736842105,0.7948717948717949,0.13133645057678223,ER_Density,0.4,3,PCMCI
12,20,28,0.3,0.3333333333333333,0.375,0.33333333333333326,0.07206034660339355,ER_Density,0.4,3,VARLiNGAM
28,9,12,0.7,0.15,0.7567567567567568,0.7272727272727273,0.022546052932739258,ER_Density,0.4,3,Linear Granger
27,0,2,0.9310344827586207,0.0,1.0,0.9642857142857143,3.162260055541992,ER_Density,0.4,4,oCSE
26,1,3,0.896551724137931,0.014084507042253521,0.9629629629629629,0.9285714285714286,0.12304449081420898,ER_Density,0.4,4,PCMCI
13,14,16,0.4482758620689655,0.19718309859154928,0.48148148148148145,0.4642857142857143,0.071533203125,ER_Density,0.4,4,VARLiNGAM
28,12,1,0.9655172413793104,0.16901408450704225,0.7,0.8115942028985508,0.022584199905395508,ER_Density,0.4,4,Linear Granger
33,1,13,0.717391304347826,0.018518518518518517,0.9705882352941176,0.825,3.5152742862701416,ER_Density,0.5,0,oCSE
34,7,12,0.7391304347826086,0.12962962962962962,0.8292682926829268,0.7816091954022988,0.13188958168029785,ER_Density,0.5,0,PCMCI
19,13,27,0.41304347826086957,0.24074074074074073,0.59375,0.4871794871794871,0.07099652290344238,ER_Density,0.5,0,VARLiNGAM
34,12,12,0.7391304347826086,0.2222222222222222,0.7391304347826086,0.7391304347826085,0.022336483001708984,ER_Density,0.5,0,Linear Granger
42,1,4,0.9130434782608695,0.018518518518518517,0.9767441860465116,0.9438202247191011,3.84806752204895,ER_Density,0.5,1,oCSE
42,5,4,0.9130434782608695,0.09259259259259259,0.8936170212765957,0.9032258064516129,0.1535813808441162,ER_Density,0.5,1,PCMCI
24,16,22,0.5217391304347826,0.2962962962962963,0.6,0.5581395348837209,0.07252001762390137,ER_Density,0.5,1,VARLiNGAM
37,29,9,0.8043478260869565,0.5370370370370371,0.5606060606060606,0.6607142857142857,0.022526025772094727,ER_Density,0.5,1,Linear Granger
40,1,7,0.851063829787234,0.018867924528301886,0.975609756097561,0.9090909090909092,3.7102842330932617,ER_Density,0.5,2,oCSE
41,1,6,0.8723404255319149,0.018867924528301886,0.9761904761904762,0.9213483146067415,0.14586591720581055,ER_Density,0.5,2,PCMCI
23,19,24,0.48936170212765956,0.3584905660377358,0.5476190476190477,0.5168539325842697,0.07672405242919922,ER_Density,0.5,2,VARLiNGAM
39,6,8,0.8297872340425532,0.11320754716981132,0.8666666666666667,0.8478260869565217,0.0224759578704834,ER_Density,0.5,2,Linear Granger
37,3,9,0.8043478260869565,0.05555555555555555,0.925,0.8604651162790697,3.7303402423858643,ER_Density,0.5,3,oCSE
38,6,8,0.8260869565217391,0.1111111111111111,0.8636363636363636,0.8444444444444444,0.135695219039917,ER_Density,0.5,3,PCMCI
18,20,28,0.391304347826087,0.37037037037037035,0.47368421052631576,0.42857142857142855,0.07189369201660156,ER_Density,0.5,3,VARLiNGAM
34,9,12,0.7391304347826086,0.16666666666666666,0.7906976744186046,0.7640449438202247,0.022682905197143555,ER_Density,0.5,3,Linear Granger
37,0,6,0.8604651162790697,0.0,1.0,0.9249999999999999,3.5229804515838623,ER_Density,0.5,4,oCSE
33,0,10,0.7674418604651163,0.0,1.0,0.868421052631579,0.13935637474060059,ER_Density,0.5,4,PCMCI
18,19,25,0.4186046511627907,0.3333333333333333,0.4864864864864865,0.45,0.07211732864379883,ER_Density,0.5,4,VARLiNGAM
35,8,8,0.813953488372093,0.14035087719298245,0.813953488372093,0.8139534883720931,0.022596359252929688,ER_Density,0.5,4,Linear Granger
37,0,19,0.6607142857142857,0.0,1.0,0.7956989247311829,3.6551432609558105,ER_Density,0.6,0,oCSE
42,5,14,0.75,0.11363636363636363,0.8936170212765957,0.8155339805825244,0.15061140060424805,ER_Density,0.6,0,PCMCI
25,13,31,0.44642857142857145,0.29545454545454547,0.6578947368421053,0.5319148936170213,0.07211160659790039,ER_Density,0.6,0,VARLiNGAM
39,10,17,0.6964285714285714,0.22727272727272727,0.7959183673469388,0.7428571428571428,0.02210688591003418,ER_Density,0.6,0,Linear Granger
45,1,7,0.8653846153846154,0.020833333333333332,0.9782608695652174,0.9183673469387755,3.972679376602173,ER_Density,0.6,1,oCSE
44,4,8,0.8461538461538461,0.08333333333333333,0.9166666666666666,0.8799999999999999,0.1775517463684082,ER_Density,0.6,1,PCMCI
25,18,27,0.4807692307692308,0.375,0.5813953488372093,0.5263157894736843,0.08580780029296875,ER_Density,0.6,1,VARLiNGAM
40,14,12,0.7692307692307693,0.2916666666666667,0.7407407407407407,0.7547169811320754,0.02447056770324707,ER_Density,0.6,1,Linear Granger
52,0,6,0.896551724137931,0.0,1.0,0.9454545454545454,4.176205635070801,ER_Density,0.6,2,oCSE
49,0,9,0.8448275862068966,0.0,1.0,0.9158878504672897,0.1602344512939453,ER_Density,0.6,2,PCMCI
36,14,22,0.6206896551724138,0.3333333333333333,0.72,0.6666666666666666,0.07198452949523926,ER_Density,0.6,2,VARLiNGAM
43,6,15,0.7413793103448276,0.14285714285714285,0.8775510204081632,0.8037383177570093,0.022010087966918945,ER_Density,0.6,2,Linear Granger
46,0,11,0.8070175438596491,0.0,1.0,0.8932038834951457,3.955036163330078,ER_Density,0.6,3,oCSE
47,3,10,0.8245614035087719,0.06976744186046512,0.94,0.8785046728971964,0.15839266777038574,ER_Density,0.6,3,PCMCI
26,19,31,0.45614035087719296,0.4418604651162791,0.5777777777777777,0.5098039215686275,0.07183718681335449,ER_Density,0.6,3,VARLiNGAM
42,19,15,0.7368421052631579,0.4418604651162791,0.6885245901639344,0.7118644067796609,0.022654294967651367,ER_Density,0.6,3,Linear Granger
42,0,8,0.84,0.0,1.0,0.9130434782608696,3.7422068119049072,ER_Density,0.6,4,oCSE
39,0,11,0.78,0.0,1.0,0.8764044943820225,0.15622520446777344,ER_Density,0.6,4,PCMCI
18,24,32,0.36,0.48,0.42857142857142855,0.391304347826087,0.07313871383666992,ER_Density,0.6,4,VARLiNGAM
40,11,10,0.8,0.22,0.7843137254901961,0.792079207920792,0.02264547348022461,ER_Density,0.6,4,Linear Granger
52,2,16,0.7647058823529411,0.0625,0.9629629629629629,0.8524590163934426,4.289088249206543,ER_Density,0.7,0,oCSE
51,3,17,0.75,0.09375,0.9444444444444444,0.8360655737704917,0.18251800537109375,ER_Density,0.7,0,PCMCI
38,14,30,0.5588235294117647,0.4375,0.7307692307692307,0.6333333333333334,0.07139825820922852,ER_Density,0.7,0,VARLiNGAM
47,11,21,0.6911764705882353,0.34375,0.8103448275862069,0.746031746031746,0.022792577743530273,ER_Density,0.7,0,Linear Granger
46,2,11,0.8070175438596491,0.046511627906976744,0.9583333333333334,0.8761904761904762,4.0074379444122314,ER_Density,0.7,1,oCSE
45,2,12,0.7894736842105263,0.046511627906976744,0.9574468085106383,0.8653846153846154,0.1627030372619629,ER_Density,0.7,1,PCMCI
29,17,28,0.5087719298245614,0.3953488372093023,0.6304347826086957,0.5631067961165049,0.07157301902770996,ER_Density,0.7,1,VARLiNGAM
45,4,12,0.7894736842105263,0.09302325581395349,0.9183673469387755,0.8490566037735849,0.02208995819091797,ER_Density,0.7,1,Linear Granger
60,0,6,0.9090909090909091,0.0,1.0,0.9523809523809523,4.53514289855957,ER_Density,0.7,2,oCSE
56,1,10,0.8484848484848485,0.029411764705882353,0.9824561403508771,0.9105691056910568,0.1652212142944336,ER_Density,0.7,2,PCMCI
43,15,23,0.6515151515151515,0.4411764705882353,0.7413793103448276,0.6935483870967741,0.08476567268371582,ER_Density,0.7,2,VARLiNGAM
48,4,18,0.7272727272727273,0.11764705882352941,0.9230769230769231,0.8135593220338984,0.022693157196044922,ER_Density,0.7,2,Linear Granger
49,0,15,0.765625,0.0,1.0,0.8672566371681416,4.395187854766846,ER_Density,0.7,3,oCSE
45,4,19,0.703125,0.1111111111111111,0.9183673469387755,0.7964601769911506,0.17194414138793945,ER_Density,0.7,3,PCMCI
31,14,33,0.484375,0.3888888888888889,0.6888888888888889,0.5688073394495412,0.07390785217285156,ER_Density,0.7,3,VARLiNGAM
42,3,22,0.65625,0.08333333333333333,0.9333333333333333,0.7706422018348624,0.02293705940246582,ER_Density,0.7,3,Linear Granger
48,1,10,0.8275862068965517,0.023809523809523808,0.9795918367346939,0.897196261682243,4.162967920303345,ER_Density,0.7,4,oCSE
45,1,13,0.7758620689655172,0.023809523809523808,0.9782608695652174,0.8653846153846154,0.17006587982177734,ER_Density,0.7,4,PCMCI
28,18,30,0.4827586206896552,0.42857142857142855,0.6086956521739131,0.5384615384615384,0.07290053367614746,ER_Density,0.7,4,VARLiNGAM
46,7,12,0.7931034482758621,0.16666666666666666,0.8679245283018868,0.8288288288288289,0.022491455078125,ER_Density,0.7,4,Linear Granger
3,0,31,0.08823529411764706,0.0,1.0,0.1621621621621622,2.1321401596069336,Coupling_Strength,0.1,0,oCSE
7,7,27,0.20588235294117646,0.10606060606060606,0.5,0.2916666666666667,0.0773775577545166,Coupling_Strength,0.1,0,PCMCI
0,2,34,0.0,0.030303030303030304,0.0,0.0,0.07171511650085449,Coupling_Strength,0.1,0,VARLiNGAM
3,0,31,0.08823529411764706,0.0,1.0,0.1621621621621622,0.022621870040893555,Coupling_Strength,0.1,0,Linear Granger
3,1,29,0.09375,0.014705882352941176,0.75,0.16666666666666666,2.196460008621216,Coupling_Strength,0.1,1,oCSE
3,2,29,0.09375,0.029411764705882353,0.6,0.16216216216216214,0.07836008071899414,Coupling_Strength,0.1,1,PCMCI
1,1,31,0.03125,0.014705882352941176,0.5,0.058823529411764705,0.07227063179016113,Coupling_Strength,0.1,1,VARLiNGAM
3,1,29,0.09375,0.014705882352941176,0.75,0.16666666666666666,0.02284526824951172,Coupling_Strength,0.1,1,Linear Granger
5,2,26,0.16129032258064516,0.028985507246376812,0.7142857142857143,0.2631578947368421,2.3002426624298096,Coupling_Strength,0.1,2,oCSE
6,5,25,0.1935483870967742,0.07246376811594203,0.5454545454545454,0.2857142857142857,0.08821272850036621,Coupling_Strength,0.1,2,PCMCI
0,4,31,0.0,0.057971014492753624,0.0,0.0,0.07251334190368652,Coupling_Strength,0.1,2,VARLiNGAM
6,3,25,0.1935483870967742,0.043478260869565216,0.6666666666666666,0.30000000000000004,0.02264094352722168,Coupling_Strength,0.1,2,Linear Granger
5,3,27,0.15625,0.04411764705882353,0.625,0.25,2.4099011421203613,Coupling_Strength,0.1,3,oCSE
6,5,26,0.1875,0.07352941176470588,0.5454545454545454,0.27906976744186046,0.08420729637145996,Coupling_Strength,0.1,3,PCMCI
0,3,32,0.0,0.04411764705882353,0.0,0.0,0.0714418888092041,Coupling_Strength,0.1,3,VARLiNGAM
4,3,28,0.125,0.04411764705882353,0.5714285714285714,0.20512820512820512,0.022741317749023438,Coupling_Strength,0.1,3,Linear Granger
3,2,17,0.15,0.025,0.6,0.24,2.2560508251190186,Coupling_Strength,0.1,4,oCSE
2,3,18,0.1,0.0375,0.4,0.16000000000000003,0.08927154541015625,Coupling_Strength,0.1,4,PCMCI
0,1,20,0.0,0.0125,0.0,0.0,0.07686424255371094,Coupling_Strength,0.1,4,VARLiNGAM
3,3,17,0.15,0.0375,0.5,0.23076923076923075,0.0232696533203125,Coupling_Strength,0.1,4,Linear Granger
17,0,17,0.5,0.0,1.0,0.6666666666666666,2.821357011795044,Coupling_Strength,0.3,0,oCSE
18,6,16,0.5294117647058824,0.09090909090909091,0.75,0.6206896551724139,0.10242509841918945,Coupling_Strength,0.3,0,PCMCI
6,10,28,0.17647058823529413,0.15151515151515152,0.375,0.24,0.07484960556030273,Coupling_Strength,0.3,0,VARLiNGAM
17,0,17,0.5,0.0,1.0,0.6666666666666666,0.02349376678466797,Coupling_Strength,0.3,0,Linear Granger
18,1,14,0.5625,0.014705882352941176,0.9473684210526315,0.7058823529411765,2.930225372314453,Coupling_Strength,0.3,1,oCSE
18,3,14,0.5625,0.04411764705882353,0.8571428571428571,0.6792452830188678,0.10666561126708984,Coupling_Strength,0.3,1,PCMCI
3,11,29,0.09375,0.16176470588235295,0.21428571428571427,0.13043478260869562,0.07383251190185547,Coupling_Strength,0.3,1,VARLiNGAM
16,0,16,0.5,0.0,1.0,0.6666666666666666,0.023113250732421875,Coupling_Strength,0.3,1,Linear Granger
18,3,13,0.5806451612903226,0.043478260869565216,0.8571428571428571,0.6923076923076923,2.996985673904419,Coupling_Strength,0.3,2,oCSE
19,1,12,0.6129032258064516,0.014492753623188406,0.95,0.7450980392156863,0.12174749374389648,Coupling_Strength,0.3,2,PCMCI
9,8,22,0.2903225806451613,0.11594202898550725,0.5294117647058824,0.375,0.0775911808013916,Coupling_Strength,0.3,2,VARLiNGAM
18,4,13,0.5806451612903226,0.057971014492753624,0.8181818181818182,0.679245283018868,0.02395176887512207,Coupling_Strength,0.3,2,Linear Granger
13,3,19,0.40625,0.04411764705882353,0.8125,0.5416666666666666,2.8042807579040527,Coupling_Strength,0.3,3,oCSE
15,6,17,0.46875,0.08823529411764706,0.7142857142857143,0.5660377358490566,0.10620903968811035,Coupling_Strength,0.3,3,PCMCI
4,6,28,0.125,0.08823529411764706,0.4,0.19047619047619047,0.07613682746887207,Coupling_Strength,0.3,3,VARLiNGAM
14,3,18,0.4375,0.04411764705882353,0.8235294117647058,0.5714285714285714,0.023740768432617188,Coupling_Strength,0.3,3,Linear Granger
16,1,4,0.8,0.0125,0.9411764705882353,0.8648648648648648,2.8161940574645996,Coupling_Strength,0.3,4,oCSE
16,3,4,0.8,0.0375,0.8421052631578947,0.8205128205128205,0.10194993019104004,Coupling_Strength,0.3,4,PCMCI
8,7,12,0.4,0.0875,0.5333333333333333,0.4571428571428572,0.07449698448181152,Coupling_Strength,0.3,4,VARLiNGAM
15,1,5,0.75,0.0125,0.9375,0.8333333333333334,0.02410745620727539,Coupling_Strength,0.3,4,Linear Granger
23,1,11,0.6764705882352942,0.015151515151515152,0.9583333333333334,0.7931034482758621,3.160801410675049,Coupling_Strength,0.5,0,oCSE
25,7,9,0.7352941176470589,0.10606060606060606,0.78125,0.7575757575757576,0.11899876594543457,Coupling_Strength,0.5,0,PCMCI
10,14,24,0.29411764705882354,0.21212121212121213,0.4166666666666667,0.3448275862068966,0.07485342025756836,Coupling_Strength,0.5,0,VARLiNGAM
23,4,11,0.6764705882352942,0.06060606060606061,0.8518518518518519,0.7540983606557378,0.023630619049072266,Coupling_Strength,0.5,0,Linear Granger
25,1,7,0.78125,0.014705882352941176,0.9615384615384616,0.8620689655172413,3.253781795501709,Coupling_Strength,0.5,1,oCSE
24,2,8,0.75,0.029411764705882353,0.9230769230769231,0.8275862068965517,0.13034415245056152,Coupling_Strength,0.5,1,PCMCI
8,14,24,0.25,0.20588235294117646,0.36363636363636365,0.2962962962962963,0.07783198356628418,Coupling_Strength,0.5,1,VARLiNGAM
28,7,4,0.875,0.10294117647058823,0.8,0.8358208955223881,0.02550363540649414,Coupling_Strength,0.5,1,Linear Granger
26,4,5,0.8387096774193549,0.057971014492753624,0.8666666666666667,0.8524590163934426,3.3811404705047607,Coupling_Strength,0.5,2,oCSE
26,3,5,0.8387096774193549,0.043478260869565216,0.896551724137931,0.8666666666666666,0.12503957748413086,Coupling_Strength,0.5,2,PCMCI
11,13,20,0.3548387096774194,0.18840579710144928,0.4583333333333333,0.39999999999999997,0.07597565650939941,Coupling_Strength,0.5,2,VARLiNGAM
26,3,5,0.8387096774193549,0.043478260869565216,0.896551724137931,0.8666666666666666,0.0235443115234375,Coupling_Strength,0.5,2,Linear Granger
21,3,11,0.65625,0.04411764705882353,0.875,0.75,3.139683246612549,Coupling_Strength,0.5,3,oCSE
21,7,11,0.65625,0.10294117647058823,0.75,0.7,0.12532472610473633,Coupling_Strength,0.5,3,PCMCI
6,16,26,0.1875,0.23529411764705882,0.2727272727272727,0.2222222222222222,0.07440638542175293,Coupling_Strength,0.5,3,VARLiNGAM
23,3,9,0.71875,0.04411764705882353,0.8846153846153846,0.7931034482758621,0.023252487182617188,Coupling_Strength,0.5,3,Linear Granger
17,0,3,0.85,0.0,1.0,0.9189189189189189,2.8183255195617676,Coupling_Strength,0.5,4,oCSE
17,2,3,0.85,0.025,0.8947368421052632,0.8717948717948718,0.10738682746887207,Coupling_Strength,0.5,4,PCMCI
9,7,11,0.45,0.0875,0.5625,0.5,0.07532787322998047,Coupling_Strength,0.5,4,VARLiNGAM
17,5,3,0.85,0.0625,0.7727272727272727,0.8095238095238095,0.023589134216308594,Coupling_Strength,0.5,4,Linear Granger
29,2,5,0.8529411764705882,0.030303030303030304,0.9354838709677419,0.8923076923076922,3.5142929553985596,Coupling_Strength,0.7,0,oCSE
28,6,6,0.8235294117647058,0.09090909090909091,0.8235294117647058,0.8235294117647058,0.1307680606842041,Coupling_Strength,0.7,0,PCMCI
14,15,20,0.4117647058823529,0.22727272727272727,0.4827586206896552,0.4444444444444445,0.07733440399169922,Coupling_Strength,0.7,0,VARLiNGAM
26,12,8,0.7647058823529411,0.18181818181818182,0.6842105263157895,0.7222222222222222,0.02278447151184082,Coupling_Strength,0.7,0,Linear Granger
28,2,4,0.875,0.029411764705882353,0.9333333333333333,0.9032258064516129,3.403095245361328,Coupling_Strength,0.7,1,oCSE
28,2,4,0.875,0.029411764705882353,0.9333333333333333,0.9032258064516129,0.1441025733947754,Coupling_Strength,0.7,1,PCMCI
11,19,21,0.34375,0.27941176470588236,0.36666666666666664,0.3548387096774193,0.08130669593811035,Coupling_Strength,0.7,1,VARLiNGAM
28,21,4,0.875,0.3088235294117647,0.5714285714285714,0.691358024691358,0.023802995681762695,Coupling_Strength,0.7,1,Linear Granger
28,4,3,0.9032258064516129,0.057971014492753624,0.875,0.8888888888888888,3.7874269485473633,Coupling_Strength,0.7,2,oCSE
28,1,3,0.9032258064516129,0.014492753623188406,0.9655172413793104,0.9333333333333333,0.14936113357543945,Coupling_Strength,0.7,2,PCMCI
12,15,19,0.3870967741935484,0.21739130434782608,0.4444444444444444,0.41379310344827586,0.09522700309753418,Coupling_Strength,0.7,2,VARLiNGAM
26,6,5,0.8387096774193549,0.08695652173913043,0.8125,0.8253968253968254,0.023184776306152344,Coupling_Strength,0.7,2,Linear Granger
24,1,8,0.75,0.014705882352941176,0.96,0.8421052631578947,3.6596086025238037,Coupling_Strength,0.7,3,oCSE
24,6,8,0.75,0.08823529411764706,0.8,0.7741935483870969,0.14524435997009277,Coupling_Strength,0.7,3,PCMCI
7,17,25,0.21875,0.25,0.2916666666666667,0.25,0.09384703636169434,Coupling_Strength,0.7,3,VARLiNGAM
25,5,7,0.78125,0.07352941176470588,0.8333333333333334,0.8064516129032259,0.027005910873413086,Coupling_Strength,0.7,3,Linear Granger
19,0,1,0.95,0.0,1.0,0.9743589743589743,3.2023425102233887,Coupling_Strength,0.7,4,oCSE
18,1,2,0.9,0.0125,0.9473684210526315,0.9230769230769231,0.11314988136291504,Coupling_Strength,0.7,4,PCMCI
9,8,11,0.45,0.1,0.5294117647058824,0.48648648648648646,0.07452249526977539,Coupling_Strength,0.7,4,VARLiNGAM
19,15,1,0.95,0.1875,0.5588235294117647,0.7037037037037037,0.023519039154052734,Coupling_Strength,0.7,4,Linear Granger
32,2,2,0.9411764705882353,0.030303030303030304,0.9411764705882353,0.9411764705882353,3.531907320022583,Coupling_Strength,0.9,0,oCSE
31,8,3,0.9117647058823529,0.12121212121212122,0.7948717948717948,0.8493150684931507,0.14055514335632324,Coupling_Strength,0.9,0,PCMCI
15,14,19,0.4411764705882353,0.21212121212121213,0.5172413793103449,0.47619047619047616,0.07134866714477539,Coupling_Strength,0.9,0,VARLiNGAM
25,28,9,0.7352941176470589,0.42424242424242425,0.4716981132075472,0.5747126436781609,0.02197742462158203,Coupling_Strength,0.9,0,Linear Granger
30,1,2,0.9375,0.014705882352941176,0.967741935483871,0.9523809523809523,3.366572141647339,Coupling_Strength,0.9,1,oCSE
29,3,3,0.90625,0.04411764705882353,0.90625,0.90625,0.15714263916015625,Coupling_Strength,0.9,1,PCMCI
12,19,20,0.375,0.27941176470588236,0.3870967741935484,0.38095238095238093,0.0720834732055664,Coupling_Strength,0.9,1,VARLiNGAM
29,42,3,0.90625,0.6176470588235294,0.4084507042253521,0.5631067961165049,0.02247786521911621,Coupling_Strength,0.9,1,Linear Granger
29,3,2,0.9354838709677419,0.043478260869565216,0.90625,0.9206349206349206,3.3728277683258057,Coupling_Strength,0.9,2,oCSE
29,2,2,0.9354838709677419,0.028985507246376812,0.9354838709677419,0.9354838709677419,0.11876559257507324,Coupling_Strength,0.9,2,PCMCI
12,16,19,0.3870967741935484,0.2318840579710145,0.42857142857142855,0.4067796610169491,0.07151126861572266,Coupling_Strength,0.9,2,VARLiNGAM
27,13,4,0.8709677419354839,0.18840579710144928,0.675,0.7605633802816901,0.02224564552307129,Coupling_Strength,0.9,2,Linear Granger
26,2,6,0.8125,0.029411764705882353,0.9285714285714286,0.8666666666666666,3.2244067192077637,Coupling_Strength,0.9,3,oCSE
27,5,5,0.84375,0.07352941176470588,0.84375,0.84375,0.12003874778747559,Coupling_Strength,0.9,3,PCMCI
8,19,24,0.25,0.27941176470588236,0.2962962962962963,0.2711864406779661,0.07115936279296875,Coupling_Strength,0.9,3,VARLiNGAM
23,16,9,0.71875,0.23529411764705882,0.5897435897435898,0.6478873239436619,0.025063514709472656,Coupling_Strength,0.9,3,Linear Granger
20,1,0,1.0,0.0125,0.9523809523809523,0.975609756097561,2.939058542251587,Coupling_Strength,0.9,4,oCSE
18,2,2,0.9,0.025,0.9,0.9,0.13054442405700684,Coupling_Strength,0.9,4,PCMCI
9,10,11,0.45,0.125,0.47368421052631576,0.46153846153846156,0.07172489166259766,Coupling_Strength,0.9,4,VARLiNGAM
20,42,0,1.0,0.525,0.3225806451612903,0.4878048780487805,0.022302865982055664,Coupling_Strength,0.9,4,Linear Granger
16,1,2,0.8888888888888888,0.012195121951219513,0.9411764705882353,0.9142857142857143,2.707832098007202,ScaleFree_Hubs,1.0,0,oCSE
15,10,3,0.8333333333333334,0.12195121951219512,0.6,0.6976744186046512,0.10466408729553223,ScaleFree_Hubs,1.0,0,PCMCI
14,0,4,0.7777777777777778,0.0,1.0,0.8750000000000001,0.07169294357299805,ScaleFree_Hubs,1.0,0,VARLiNGAM
16,10,2,0.8888888888888888,0.12195121951219512,0.6153846153846154,0.7272727272727274,0.022197484970092773,ScaleFree_Hubs,1.0,0,Linear Granger
16,2,2,0.8888888888888888,0.024390243902439025,0.8888888888888888,0.8888888888888888,2.7821688652038574,ScaleFree_Hubs,1.0,1,oCSE
16,2,2,0.8888888888888888,0.024390243902439025,0.8888888888888888,0.8888888888888888,0.10625410079956055,ScaleFree_Hubs,1.0,1,PCMCI
16,1,2,0.8888888888888888,0.012195121951219513,0.9411764705882353,0.9142857142857143,0.07169175148010254,ScaleFree_Hubs,1.0,1,VARLiNGAM
16,15,2,0.8888888888888888,0.18292682926829268,0.5161290322580645,0.6530612244897959,0.02216029167175293,ScaleFree_Hubs,1.0,1,Linear Granger
17,3,1,0.9444444444444444,0.036585365853658534,0.85,0.8947368421052632,2.885122299194336,ScaleFree_Hubs,1.0,2,oCSE
17,8,1,0.9444444444444444,0.0975609756097561,0.68,0.7906976744186047,0.10537958145141602,ScaleFree_Hubs,1.0,2,PCMCI
17,0,1,0.9444444444444444,0.0,1.0,0.9714285714285714,0.07193112373352051,ScaleFree_Hubs,1.0,2,VARLiNGAM
16,10,2,0.8888888888888888,0.12195121951219512,0.6153846153846154,0.7272727272727274,0.022206783294677734,ScaleFree_Hubs,1.0,2,Linear Granger
15,2,3,0.8333333333333334,0.024390243902439025,0.8823529411764706,0.8571428571428571,2.74373197555542,ScaleFree_Hubs,1.0,3,oCSE
15,9,3,0.8333333333333334,0.10975609756097561,0.625,0.7142857142857143,0.10004329681396484,ScaleFree_Hubs,1.0,3,PCMCI
15,0,3,0.8333333333333334,0.0,1.0,0.9090909090909091,0.07097244262695312,ScaleFree_Hubs,1.0,3,VARLiNGAM
16,4,2,0.8888888888888888,0.04878048780487805,0.8,0.8421052631578948,0.021841764450073242,ScaleFree_Hubs,1.0,3,Linear Granger
17,3,1,0.9444444444444444,0.036585365853658534,0.85,0.8947368421052632,2.831770420074463,ScaleFree_Hubs,1.0,4,oCSE
17,2,1,0.9444444444444444,0.024390243902439025,0.8947368421052632,0.918918918918919,0.10649442672729492,ScaleFree_Hubs,1.0,4,PCMCI
17,0,1,0.9444444444444444,0.0,1.0,0.9714285714285714,0.07217955589294434,ScaleFree_Hubs,1.0,4,VARLiNGAM
16,9,2,0.8888888888888888,0.10975609756097561,0.64,0.7441860465116279,0.022872209548950195,ScaleFree_Hubs,1.0,4,Linear Granger
29,0,3,0.90625,0.0,1.0,0.9508196721311475,3.277731418609619,ScaleFree_Hubs,2.0,0,oCSE
29,10,3,0.90625,0.14705882352941177,0.7435897435897436,0.8169014084507042,0.13536453247070312,ScaleFree_Hubs,2.0,0,PCMCI
26,0,6,0.8125,0.0,1.0,0.896551724137931,0.07207822799682617,ScaleFree_Hubs,2.0,0,VARLiNGAM
26,29,6,0.8125,0.4264705882352941,0.4727272727272727,0.5977011494252874,0.022937297821044922,ScaleFree_Hubs,2.0,0,Linear Granger
28,2,4,0.875,0.029411764705882353,0.9333333333333333,0.9032258064516129,3.318042039871216,ScaleFree_Hubs,2.0,1,oCSE
28,4,4,0.875,0.058823529411764705,0.875,0.875,0.13216376304626465,ScaleFree_Hubs,2.0,1,PCMCI
27,1,5,0.84375,0.014705882352941176,0.9642857142857143,0.8999999999999999,0.07168436050415039,ScaleFree_Hubs,2.0,1,VARLiNGAM
26,9,6,0.8125,0.1323529411764706,0.7428571428571429,0.7761194029850748,0.022276878356933594,ScaleFree_Hubs,2.0,1,Linear Granger
29,1,3,0.90625,0.014705882352941176,0.9666666666666667,0.9354838709677419,3.271900177001953,ScaleFree_Hubs,2.0,2,oCSE
28,3,4,0.875,0.04411764705882353,0.9032258064516129,0.8888888888888888,0.1303727626800537,ScaleFree_Hubs,2.0,2,PCMCI
29,2,3,0.90625,0.029411764705882353,0.9354838709677419,0.9206349206349206,0.07180213928222656,ScaleFree_Hubs,2.0,2,VARLiNGAM
29,17,3,0.90625,0.25,0.6304347826086957,0.7435897435897436,0.02226090431213379,ScaleFree_Hubs,2.0,2,Linear Granger
24,6,8,0.75,0.08823529411764706,0.8,0.7741935483870969,3.2658376693725586,ScaleFree_Hubs,2.0,3,oCSE
24,10,8,0.75,0.14705882352941177,0.7058823529411765,0.7272727272727272,0.1276381015777588,ScaleFree_Hubs,2.0,3,PCMCI
24,2,8,0.75,0.029411764705882353,0.9230769230769231,0.8275862068965517,0.0712883472442627,ScaleFree_Hubs,2.0,3,VARLiNGAM
23,6,9,0.71875,0.08823529411764706,0.7931034482758621,0.7540983606557378,0.02185821533203125,ScaleFree_Hubs,2.0,3,Linear Granger
28,1,4,0.875,0.014705882352941176,0.9655172413793104,0.9180327868852458,3.277996063232422,ScaleFree_Hubs,2.0,4,oCSE
27,0,5,0.84375,0.0,1.0,0.9152542372881356,0.13602066040039062,ScaleFree_Hubs,2.0,4,PCMCI
28,0,4,0.875,0.0,1.0,0.9333333333333333,0.0722818374633789,ScaleFree_Hubs,2.0,4,VARLiNGAM
27,20,5,0.84375,0.29411764705882354,0.574468085106383,0.6835443037974684,0.022497177124023438,ScaleFree_Hubs,2.0,4,Linear Granger
36,1,6,0.8571428571428571,0.017241379310344827,0.972972972972973,0.9113924050632912,3.607731819152832,ScaleFree_Hubs,3.0,0,oCSE
36,4,6,0.8571428571428571,0.06896551724137931,0.9,0.8780487804878048,0.14875578880310059,ScaleFree_Hubs,3.0,0,PCMCI
35,2,7,0.8333333333333334,0.034482758620689655,0.9459459459459459,0.8860759493670887,0.07181096076965332,ScaleFree_Hubs,3.0,0,VARLiNGAM
37,15,5,0.8809523809523809,0.25862068965517243,0.7115384615384616,0.7872340425531914,0.022118806838989258,ScaleFree_Hubs,3.0,0,Linear Granger
36,6,6,0.8571428571428571,0.10344827586206896,0.8571428571428571,0.8571428571428571,3.8754589557647705,ScaleFree_Hubs,3.0,1,oCSE
33,5,9,0.7857142857142857,0.08620689655172414,0.868421052631579,0.825,0.13710761070251465,ScaleFree_Hubs,3.0,1,PCMCI
32,1,10,0.7619047619047619,0.017241379310344827,0.9696969696969697,0.8533333333333334,0.07200074195861816,ScaleFree_Hubs,3.0,1,VARLiNGAM
35,7,7,0.8333333333333334,0.1206896551724138,0.8333333333333334,0.8333333333333334,0.022469520568847656,ScaleFree_Hubs,3.0,1,Linear Granger
35,1,7,0.8333333333333334,0.017241379310344827,0.9722222222222222,0.8974358974358975,3.531582832336426,ScaleFree_Hubs,3.0,2,oCSE
35,4,7,0.8333333333333334,0.06896551724137931,0.8974358974358975,0.8641975308641975,0.13444256782531738,ScaleFree_Hubs,3.0,2,PCMCI
34,0,8,0.8095238095238095,0.0,1.0,0.8947368421052632,0.07179856300354004,ScaleFree_Hubs,3.0,2,VARLiNGAM
33,11,9,0.7857142857142857,0.1896551724137931,0.75,0.7674418604651163,0.022251605987548828,ScaleFree_Hubs,3.0,2,Linear Granger
34,2,8,0.8095238095238095,0.034482758620689655,0.9444444444444444,0.8717948717948718,3.567875862121582,ScaleFree_Hubs,3.0,3,oCSE
33,7,9,0.7857142857142857,0.1206896551724138,0.825,0.8048780487804876,0.14145803451538086,ScaleFree_Hubs,3.0,3,PCMCI
32,0,10,0.7619047619047619,0.0,1.0,0.8648648648648648,0.07131242752075195,ScaleFree_Hubs,3.0,3,VARLiNGAM
35,15,7,0.8333333333333334,0.25862068965517243,0.7,0.7608695652173915,0.022118568420410156,ScaleFree_Hubs,3.0,3,Linear Granger
33,1,9,0.7857142857142857,0.017241379310344827,0.9705882352941176,0.8684210526315789,3.448842763900757,ScaleFree_Hubs,3.0,4,oCSE
29,2,13,0.6904761904761905,0.034482758620689655,0.9354838709677419,0.7945205479452055,0.14174199104309082,ScaleFree_Hubs,3.0,4,PCMCI
30,1,12,0.7142857142857143,0.017241379310344827,0.967741935483871,0.821917808219178,0.07167983055114746,ScaleFree_Hubs,3.0,4,VARLiNGAM
36,13,6,0.8571428571428571,0.22413793103448276,0.7346938775510204,0.7912087912087913,0.02215099334716797,ScaleFree_Hubs,3.0,4,Linear Granger
42,0,6,0.875,0.0,1.0,0.9333333333333333,3.806049346923828,ScaleFree_Hubs,4.0,0,oCSE
40,6,8,0.8333333333333334,0.11538461538461539,0.8695652173913043,0.851063829787234,0.15088415145874023,ScaleFree_Hubs,4.0,0,PCMCI
39,0,9,0.8125,0.0,1.0,0.896551724137931,0.0717933177947998,ScaleFree_Hubs,4.0,0,VARLiNGAM
40,16,8,0.8333333333333334,0.3076923076923077,0.7142857142857143,0.7692307692307692,0.02232813835144043,ScaleFree_Hubs,4.0,0,Linear Granger
39,0,9,0.8125,0.0,1.0,0.896551724137931,3.695279836654663,ScaleFree_Hubs,4.0,1,oCSE
38,2,10,0.7916666666666666,0.038461538461538464,0.95,0.8636363636363635,0.14829158782958984,ScaleFree_Hubs,4.0,1,PCMCI
38,1,10,0.7916666666666666,0.019230769230769232,0.9743589743589743,0.8735632183908045,0.07168221473693848,ScaleFree_Hubs,4.0,1,VARLiNGAM
38,3,10,0.7916666666666666,0.057692307692307696,0.926829268292683,0.8539325842696629,0.022355079650878906,ScaleFree_Hubs,4.0,1,Linear Granger
39,2,9,0.8125,0.038461538461538464,0.9512195121951219,0.8764044943820225,3.7764291763305664,ScaleFree_Hubs,4.0,2,oCSE
37,2,11,0.7708333333333334,0.038461538461538464,0.9487179487179487,0.8505747126436781,0.1399385929107666,ScaleFree_Hubs,4.0,2,PCMCI
39,3,9,0.8125,0.057692307692307696,0.9285714285714286,0.8666666666666666,0.07236814498901367,ScaleFree_Hubs,4.0,2,VARLiNGAM
39,7,9,0.8125,0.1346153846153846,0.8478260869565217,0.8297872340425533,0.022324085235595703,ScaleFree_Hubs,4.0,2,Linear Granger
35,1,13,0.7291666666666666,0.019230769230769232,0.9722222222222222,0.8333333333333333,3.463376998901367,ScaleFree_Hubs,4.0,3,oCSE
34,7,14,0.7083333333333334,0.1346153846153846,0.8292682926829268,0.7640449438202247,0.1477339267730713,ScaleFree_Hubs,4.0,3,PCMCI
34,0,14,0.7083333333333334,0.0,1.0,0.8292682926829268,0.07194256782531738,ScaleFree_Hubs,4.0,3,VARLiNGAM
34,10,14,0.7083333333333334,0.19230769230769232,0.7727272727272727,0.7391304347826088,0.02237391471862793,ScaleFree_Hubs,4.0,3,Linear Granger
37,1,11,0.7708333333333334,0.019230769230769232,0.9736842105263158,0.8604651162790697,3.6587066650390625,ScaleFree_Hubs,4.0,4,oCSE
32,1,16,0.6666666666666666,0.019230769230769232,0.9696969696969697,0.7901234567901234,0.13883757591247559,ScaleFree_Hubs,4.0,4,PCMCI
35,1,13,0.7291666666666666,0.019230769230769232,0.9722222222222222,0.8333333333333333,0.07098817825317383,ScaleFree_Hubs,4.0,4,VARLiNGAM
38,6,10,0.7916666666666666,0.11538461538461539,0.8636363636363636,0.8260869565217391,0.022202730178833008,ScaleFree_Hubs,4.0,4,Linear Granger
17,2,3,0.85,0.025,0.8947368421052632,0.8717948717948718,2.8118369579315186,SmallWorld_Rewiring,0.0,0,oCSE
15,9,5,0.75,0.1125,0.625,0.6818181818181818,0.0956563949584961,SmallWorld_Rewiring,0.0,0,PCMCI
14,0,6,0.7,0.0,1.0,0.8235294117647058,0.07114338874816895,SmallWorld_Rewiring,0.0,0,VARLiNGAM
15,3,5,0.75,0.0375,0.8333333333333334,0.7894736842105262,0.022757768630981445,SmallWorld_Rewiring,0.0,0,Linear Granger
15,3,5,0.75,0.0375,0.8333333333333334,0.7894736842105262,2.816281795501709,SmallWorld_Rewiring,0.0,1,oCSE
15,4,5,0.75,0.05,0.7894736842105263,0.7692307692307692,0.10216069221496582,SmallWorld_Rewiring,0.0,1,PCMCI
15,0,5,0.75,0.0,1.0,0.8571428571428571,0.07186174392700195,SmallWorld_Rewiring,0.0,1,VARLiNGAM
16,5,4,0.8,0.0625,0.7619047619047619,0.7804878048780488,0.0222780704498291,SmallWorld_Rewiring,0.0,1,Linear Granger
19,3,1,0.95,0.0375,0.8636363636363636,0.9047619047619048,3.0782177448272705,SmallWorld_Rewiring,0.0,2,oCSE
18,5,2,0.9,0.0625,0.782608695652174,0.8372093023255814,0.10075664520263672,SmallWorld_Rewiring,0.0,2,PCMCI
18,0,2,0.9,0.0,1.0,0.9473684210526316,0.07165384292602539,SmallWorld_Rewiring,0.0,2,VARLiNGAM
18,7,2,0.9,0.0875,0.72,0.7999999999999999,0.022124290466308594,SmallWorld_Rewiring,0.0,2,Linear Granger
16,4,4,0.8,0.05,0.8,0.8000000000000002,2.858851194381714,SmallWorld_Rewiring,0.0,3,oCSE
15,11,5,0.75,0.1375,0.5769230769230769,0.6521739130434783,0.1004486083984375,SmallWorld_Rewiring,0.0,3,PCMCI
14,1,6,0.7,0.0125,0.9333333333333333,0.8,0.07178425788879395,SmallWorld_Rewiring,0.0,3,VARLiNGAM
16,8,4,0.8,0.1,0.6666666666666666,0.7272727272727272,0.02225017547607422,SmallWorld_Rewiring,0.0,3,Linear Granger
18,0,2,0.9,0.0,1.0,0.9473684210526316,2.8334200382232666,SmallWorld_Rewiring,0.0,4,oCSE
16,4,4,0.8,0.05,0.8,0.8000000000000002,0.10004401206970215,SmallWorld_Rewiring,0.0,4,PCMCI
17,0,3,0.85,0.0,1.0,0.9189189189189189,0.07188057899475098,SmallWorld_Rewiring,0.0,4,VARLiNGAM
19,5,1,0.95,0.0625,0.7916666666666666,0.8636363636363635,0.02243947982788086,SmallWorld_Rewiring,0.0,4,Linear Granger
18,2,2,0.9,0.025,0.9,0.9,2.858288526535034,SmallWorld_Rewiring,0.1,0,oCSE
17,5,3,0.85,0.0625,0.7727272727272727,0.8095238095238095,0.09985089302062988,SmallWorld_Rewiring,0.1,0,PCMCI
17,0,3,0.85,0.0,1.0,0.9189189189189189,0.07211518287658691,SmallWorld_Rewiring,0.1,0,VARLiNGAM
16,7,4,0.8,0.0875,0.6956521739130435,0.7441860465116279,0.02253580093383789,SmallWorld_Rewiring,0.1,0,Linear Granger
16,4,4,0.8,0.05,0.8,0.8000000000000002,2.9026787281036377,SmallWorld_Rewiring,0.1,1,oCSE
16,3,4,0.8,0.0375,0.8421052631578947,0.8205128205128205,0.10728907585144043,SmallWorld_Rewiring,0.1,1,PCMCI
16,0,4,0.8,0.0,1.0,0.888888888888889,0.07115387916564941,SmallWorld_Rewiring,0.1,1,VARLiNGAM
16,15,4,0.8,0.1875,0.5161290322580645,0.6274509803921569,0.022428512573242188,SmallWorld_Rewiring,0.1,1,Linear Granger
19,1,1,0.95,0.0125,0.95,0.9500000000000001,2.9336562156677246,SmallWorld_Rewiring,0.1,2,oCSE
18,5,2,0.9,0.0625,0.782608695652174,0.8372093023255814,0.10218048095703125,SmallWorld_Rewiring,0.1,2,PCMCI
17,0,3,0.85,0.0,1.0,0.9189189189189189,0.07183837890625,SmallWorld_Rewiring,0.1,2,VARLiNGAM
18,5,2,0.9,0.0625,0.782608695652174,0.8372093023255814,0.022211074829101562,SmallWorld_Rewiring,0.1,2,Linear Granger
16,2,4,0.8,0.025,0.8888888888888888,0.8421052631578948,2.8145737648010254,SmallWorld_Rewiring,0.1,3,oCSE
15,11,5,0.75,0.1375,0.5769230769230769,0.6521739130434783,0.09740233421325684,SmallWorld_Rewiring,0.1,3,PCMCI
15,1,5,0.75,0.0125,0.9375,0.8333333333333334,0.07146930694580078,SmallWorld_Rewiring,0.1,3,VARLiNGAM
15,4,5,0.75,0.05,0.7894736842105263,0.7692307692307692,0.022263526916503906,SmallWorld_Rewiring,0.1,3,Linear Granger
18,0,2,0.9,0.0,1.0,0.9473684210526316,2.8438668251037598,SmallWorld_Rewiring,0.1,4,oCSE
16,4,4,0.8,0.05,0.8,0.8000000000000002,0.10007190704345703,SmallWorld_Rewiring,0.1,4,PCMCI
17,0,3,0.85,0.0,1.0,0.9189189189189189,0.07216954231262207,SmallWorld_Rewiring,0.1,4,VARLiNGAM
19,5,1,0.95,0.0625,0.7916666666666666,0.8636363636363635,0.02226734161376953,SmallWorld_Rewiring,0.1,4,Linear Granger
19,2,1,0.95,0.025,0.9047619047619048,0.9268292682926829,2.9248409271240234,SmallWorld_Rewiring,0.3,0,oCSE
19,5,1,0.95,0.0625,0.7916666666666666,0.8636363636363635,0.1066281795501709,SmallWorld_Rewiring,0.3,0,PCMCI
19,0,1,0.95,0.0,1.0,0.9743589743589743,0.07173848152160645,SmallWorld_Rewiring,0.3,0,VARLiNGAM
17,12,3,0.85,0.15,0.5862068965517241,0.6938775510204082,0.0222322940826416,SmallWorld_Rewiring,0.3,0,Linear Granger
17,2,3,0.85,0.025,0.8947368421052632,0.8717948717948718,2.8411076068878174,SmallWorld_Rewiring,0.3,1,oCSE
17,4,3,0.85,0.05,0.8095238095238095,0.8292682926829269,0.10204482078552246,SmallWorld_Rewiring,0.3,1,PCMCI
17,0,3,0.85,0.0,1.0,0.9189189189189189,0.07179665565490723,SmallWorld_Rewiring,0.3,1,VARLiNGAM
17,5,3,0.85,0.0625,0.7727272727272727,0.8095238095238095,0.022375106811523438,SmallWorld_Rewiring,0.3,1,Linear Granger
18,0,2,0.9,0.0,1.0,0.9473684210526316,2.8009254932403564,SmallWorld_Rewiring,0.3,2,oCSE
17,6,3,0.85,0.075,0.7391304347826086,0.7906976744186046,0.1048128604888916,SmallWorld_Rewiring,0.3,2,PCMCI
18,0,2,0.9,0.0,1.0,0.9473684210526316,0.07225251197814941,SmallWorld_Rewiring,0.3,2,VARLiNGAM
18,7,2,0.9,0.0875,0.72,0.7999999999999999,0.022336244583129883,SmallWorld_Rewiring,0.3,2,Linear Granger
17,3,3,0.85,0.0375,0.85,0.85,2.9339747428894043,SmallWorld_Rewiring,0.3,3,oCSE
18,10,2,0.9,0.125,0.6428571428571429,0.75,0.1069340705871582,SmallWorld_Rewiring,0.3,3,PCMCI
16,0,4,0.8,0.0,1.0,0.888888888888889,0.07215523719787598,SmallWorld_Rewiring,0.3,3,VARLiNGAM
18,17,2,0.9,0.2125,0.5142857142857142,0.6545454545454545,0.022402524948120117,SmallWorld_Rewiring,0.3,3,Linear Granger
16,1,4,0.8,0.0125,0.9411764705882353,0.8648648648648648,2.7269845008850098,SmallWorld_Rewiring,0.3,4,oCSE
16,4,4,0.8,0.05,0.8,0.8000000000000002,0.10222911834716797,SmallWorld_Rewiring,0.3,4,PCMCI
16,0,4,0.8,0.0,1.0,0.888888888888889,0.07181286811828613,SmallWorld_Rewiring,0.3,4,VARLiNGAM
17,11,3,0.85,0.1375,0.6071428571428571,0.7083333333333333,0.022176265716552734,SmallWorld_Rewiring,0.3,4,Linear Granger
19,2,1,0.95,0.025,0.9047619047619048,0.9268292682926829,2.878573417663574,SmallWorld_Rewiring,0.5,0,oCSE
19,5,1,0.95,0.0625,0.7916666666666666,0.8636363636363635,0.10756754875183105,SmallWorld_Rewiring,0.5,0,PCMCI
19,0,1,0.95,0.0,1.0,0.9743589743589743,0.07250690460205078,SmallWorld_Rewiring,0.5,0,VARLiNGAM
17,12,3,0.85,0.15,0.5862068965517241,0.6938775510204082,0.0221860408782959,SmallWorld_Rewiring,0.5,0,Linear Granger
18,0,2,0.9,0.0,1.0,0.9473684210526316,2.8077616691589355,SmallWorld_Rewiring,0.5,1,oCSE
16,6,4,0.8,0.075,0.7272727272727273,0.761904761904762,0.09752178192138672,SmallWorld_Rewiring,0.5,1,PCMCI
17,0,3,0.85,0.0,1.0,0.9189189189189189,0.07220959663391113,SmallWorld_Rewiring,0.5,1,VARLiNGAM
14,6,6,0.7,0.075,0.7,0.7,0.022480249404907227,SmallWorld_Rewiring,0.5,1,Linear Granger
19,4,1,0.95,0.05,0.8260869565217391,0.8837209302325583,3.0032341480255127,SmallWorld_Rewiring,0.5,2,oCSE
18,3,2,0.9,0.0375,0.8571428571428571,0.8780487804878048,0.10780572891235352,SmallWorld_Rewiring,0.5,2,PCMCI
18,1,2,0.9,0.0125,0.9473684210526315,0.9230769230769231,0.07347774505615234,SmallWorld_Rewiring,0.5,2,VARLiNGAM
18,8,2,0.9,0.1,0.6923076923076923,0.7826086956521738,0.022448301315307617,SmallWorld_Rewiring,0.5,2,Linear Granger
15,4,5,0.75,0.05,0.7894736842105263,0.7692307692307692,2.815056800842285,SmallWorld_Rewiring,0.5,3,oCSE
14,8,6,0.7,0.1,0.6363636363636364,0.6666666666666666,0.10017538070678711,SmallWorld_Rewiring,0.5,3,PCMCI
14,1,6,0.7,0.0125,0.9333333333333333,0.8,0.0714111328125,SmallWorld_Rewiring,0.5,3,VARLiNGAM
15,3,5,0.75,0.0375,0.8333333333333334,0.7894736842105262,0.022299766540527344,SmallWorld_Rewiring,0.5,3,Linear Granger
18,1,2,0.9,0.0125,0.9473684210526315,0.9230769230769231,2.952003002166748,SmallWorld_Rewiring,0.5,4,oCSE
16,1,4,0.8,0.0125,0.9411764705882353,0.8648648648648648,0.10180330276489258,SmallWorld_Rewiring,0.5,4,PCMCI
17,0,3,0.85,0.0,1.0,0.9189189189189189,0.07199978828430176,SmallWorld_Rewiring,0.5,4,VARLiNGAM
18,5,2,0.9,0.0625,0.782608695652174,0.8372093023255814,0.022585630416870117,SmallWorld_Rewiring,0.5,4,Linear Granger
19,5,1,0.95,0.0625,0.7916666666666666,0.8636363636363635,3.0792555809020996,SmallWorld_Rewiring,0.8,0,oCSE
20,5,0,1.0,0.0625,0.8,0.888888888888889,0.11937642097473145,SmallWorld_Rewiring,0.8,0,PCMCI
18,0,2,0.9,0.0,1.0,0.9473684210526316,0.07240509986877441,SmallWorld_Rewiring,0.8,0,VARLiNGAM
19,21,1,0.95,0.2625,0.475,0.6333333333333334,0.022679567337036133,SmallWorld_Rewiring,0.8,0,Linear Granger
18,4,2,0.9,0.05,0.8181818181818182,0.8571428571428572,2.9975907802581787,SmallWorld_Rewiring,0.8,1,oCSE
17,3,3,0.85,0.0375,0.85,0.85,0.1053016185760498,SmallWorld_Rewiring,0.8,1,PCMCI
17,0,3,0.85,0.0,1.0,0.9189189189189189,0.07145380973815918,SmallWorld_Rewiring,0.8,1,VARLiNGAM
18,9,2,0.9,0.1125,0.6666666666666666,0.7659574468085106,0.022176265716552734,SmallWorld_Rewiring,0.8,1,Linear Granger
17,2,3,0.85,0.025,0.8947368421052632,0.8717948717948718,2.863542079925537,SmallWorld_Rewiring,0.8,2,oCSE
17,6,3,0.85,0.075,0.7391304347826086,0.7906976744186046,0.10968589782714844,SmallWorld_Rewiring,0.8,2,PCMCI
17,0,3,0.85,0.0,1.0,0.9189189189189189,0.07228374481201172,SmallWorld_Rewiring,0.8,2,VARLiNGAM
17,11,3,0.85,0.1375,0.6071428571428571,0.7083333333333333,0.022359848022460938,SmallWorld_Rewiring,0.8,2,Linear Granger
13,2,7,0.65,0.025,0.8666666666666667,0.7428571428571429,2.6684353351593018,SmallWorld_Rewiring,0.8,3,oCSE
14,9,6,0.7,0.1125,0.6086956521739131,0.6511627906976744,0.0960536003112793,SmallWorld_Rewiring,0.8,3,PCMCI
12,1,8,0.6,0.0125,0.9230769230769231,0.7272727272727274,0.07160282135009766,SmallWorld_Rewiring,0.8,3,VARLiNGAM
14,3,6,0.7,0.0375,0.8235294117647058,0.7567567567567567,0.022396326065063477,SmallWorld_Rewiring,0.8,3,Linear Granger
19,3,1,0.95,0.0375,0.8636363636363636,0.9047619047619048,3.001704692840576,SmallWorld_Rewiring,0.8,4,oCSE
18,4,2,0.9,0.05,0.8181818181818182,0.8571428571428572,0.10589361190795898,SmallWorld_Rewiring,0.8,4,PCMCI
19,0,1,0.95,0.0,1.0,0.9743589743589743,0.07223200798034668,SmallWorld_Rewiring,0.8,4,VARLiNGAM
15,13,5,0.75,0.1625,0.5357142857142857,0.6250000000000001,0.022236347198486328,SmallWorld_Rewiring,0.8,4,Linear Granger
19,5,1,0.95,0.0625,0.7916666666666666,0.8636363636363635,3.075723648071289,SmallWorld_Rewiring,1.0,0,oCSE
20,5,0,1.0,0.0625,0.8,0.888888888888889,0.11846446990966797,SmallWorld_Rewiring,1.0,0,PCMCI
18,0,2,0.9,0.0,1.0,0.9473684210526316,0.07166624069213867,SmallWorld_Rewiring,1.0,0,VARLiNGAM
19,21,1,0.95,0.2625,0.475,0.6333333333333334,0.022207260131835938,SmallWorld_Rewiring,1.0,0,Linear Granger
19,2,1,0.95,0.025,0.9047619047619048,0.9268292682926829,2.8549673557281494,SmallWorld_Rewiring,1.0,1,oCSE
18,5,2,0.9,0.0625,0.782608695652174,0.8372093023255814,0.10620832443237305,SmallWorld_Rewiring,1.0,1,PCMCI
18,0,2,0.9,0.0,1.0,0.9473684210526316,0.07210707664489746,SmallWorld_Rewiring,1.0,1,VARLiNGAM
19,8,1,0.95,0.1,0.7037037037037037,0.8085106382978724,0.022371530532836914,SmallWorld_Rewiring,1.0,1,Linear Granger
15,2,5,0.75,0.025,0.8823529411764706,0.8108108108108107,2.722477912902832,SmallWorld_Rewiring,1.0,2,oCSE
15,5,5,0.75,0.0625,0.75,0.75,0.10583710670471191,SmallWorld_Rewiring,1.0,2,PCMCI
15,1,5,0.75,0.0125,0.9375,0.8333333333333334,0.07255077362060547,SmallWorld_Rewiring,1.0,2,VARLiNGAM
15,9,5,0.75,0.1125,0.625,0.6818181818181818,0.022154569625854492,SmallWorld_Rewiring,1.0,2,Linear Granger
17,3,3,0.85,0.0375,0.85,0.85,2.855267286300659,SmallWorld_Rewiring,1.0,3,oCSE
17,8,3,0.85,0.1,0.68,0.7555555555555556,0.10558795928955078,SmallWorld_Rewiring,1.0,3,PCMCI
17,1,3,0.85,0.0125,0.9444444444444444,0.8947368421052632,0.07168865203857422,SmallWorld_Rewiring,1.0,3,VARLiNGAM
16,10,4,0.8,0.125,0.6153846153846154,0.6956521739130435,0.022356033325195312,SmallWorld_Rewiring,1.0,3,Linear Granger
18,2,2,0.9,0.025,0.9,0.9,2.8366525173187256,SmallWorld_Rewiring,1.0,4,oCSE
17,2,3,0.85,0.025,0.8947368421052632,0.8717948717948718,0.10245060920715332,SmallWorld_Rewiring,1.0,4,PCMCI
17,1,3,0.85,0.0125,0.9444444444444444,0.8947368421052632,0.07277989387512207,SmallWorld_Rewiring,1.0,4,VARLiNGAM
15,8,5,0.75,0.1,0.6521739130434783,0.6976744186046512,0.02240920066833496,SmallWorld_Rewiring,1.0,4,Linear Granger
