TP,FP,FN,TPR,FPR,Precision,F1,Topology,Alpha,Trial,N_true_edges,Method,Time
24,3,8,0.75,0.04411764705882353,0.8888888888888888,0.8135593220338982,Hub,0.01,0,32,oCSE,104.65193367004395
28,46,4,0.875,0.6764705882352942,0.3783783783783784,0.5283018867924528,Hub,0.01,0,32,PCMCI,118.21440386772156
19,26,13,0.59375,0.38235294117647056,0.4222222222222222,0.49350649350649345,Hub,0.01,0,32,Linear Granger,0.06360673904418945
20,4,12,0.625,0.058823529411764705,0.8333333333333334,0.7142857142857143,Hub,0.025,0,32,oCSE,106.42988753318787
31,50,1,0.96875,0.7352941176470589,0.38271604938271603,0.5486725663716814,Hub,0.025,0,32,PCMCI,134.06153273582458
20,31,12,0.625,0.45588235294117646,0.39215686274509803,0.4819277108433735,Hub,0.025,0,32,Linear Granger,0.05357861518859863
20,3,12,0.625,0.04411764705882353,0.8695652173913043,0.7272727272727273,Hub,0.05,0,32,oCSE,108.40408277511597
23,46,9,0.71875,0.6764705882352942,0.3333333333333333,0.45544554455445546,Hub,0.05,0,32,PCMCI,136.79635763168335
22,36,10,0.6875,0.5294117647058824,0.3793103448275862,0.4888888888888889,Hub,0.05,0,32,Linear Granger,0.04822683334350586
18,5,14,0.5625,0.07352941176470588,0.782608695652174,0.6545454545454547,Hub,0.1,0,32,oCSE,114.3303050994873
28,41,4,0.875,0.6029411764705882,0.4057971014492754,0.5544554455445545,Hub,0.1,0,32,PCMCI,146.75387477874756
24,38,8,0.75,0.5588235294117647,0.3870967741935484,0.5106382978723403,Hub,0.1,0,32,Linear Granger,0.05163455009460449
19,6,13,0.59375,0.08823529411764706,0.76,0.6666666666666666,Hub,0.2,0,32,oCSE,121.17952537536621
29,53,3,0.90625,0.7794117647058824,0.35365853658536583,0.5087719298245614,Hub,0.2,0,32,PCMCI,160.39499497413635
26,42,6,0.8125,0.6176470588235294,0.38235294117647056,0.52,Hub,0.2,0,32,Linear Granger,0.05222654342651367
13,8,19,0.40625,0.11764705882352941,0.6190476190476191,0.49056603773584906,Hub,0.3,0,32,oCSE,130.29095721244812
29,50,3,0.90625,0.7352941176470589,0.3670886075949367,0.5225225225225225,Hub,0.3,0,32,PCMCI,177.5893430709839
27,44,5,0.84375,0.6470588235294118,0.38028169014084506,0.5242718446601942,Hub,0.3,0,32,Linear Granger,0.05356788635253906
14,9,18,0.4375,0.1323529411764706,0.6086956521739131,0.5090909090909091,Hub,0.5,0,32,oCSE,133.67046570777893
29,45,3,0.90625,0.6617647058823529,0.3918918918918919,0.5471698113207547,Hub,0.5,0,32,PCMCI,217.2384147644043
29,49,3,0.90625,0.7205882352941176,0.3717948717948718,0.5272727272727273,Hub,0.5,0,32,Linear Granger,0.04485154151916504
17,2,15,0.53125,0.029411764705882353,0.8947368421052632,0.6666666666666666,Hub,0.01,1,32,oCSE,97.4501724243164
28,53,4,0.875,0.7794117647058824,0.345679012345679,0.4955752212389381,Hub,0.01,1,32,PCMCI,75.96683526039124
26,32,6,0.8125,0.47058823529411764,0.4482758620689655,0.5777777777777777,Hub,0.01,1,32,Linear Granger,0.04843640327453613
16,4,16,0.5,0.058823529411764705,0.8,0.6153846153846154,Hub,0.025,1,32,oCSE,99.03925204277039
31,47,1,0.96875,0.6911764705882353,0.3974358974358974,0.5636363636363636,Hub,0.025,1,32,PCMCI,78.72615480422974
26,35,6,0.8125,0.5147058823529411,0.4262295081967213,0.5591397849462365,Hub,0.025,1,32,Linear Granger,0.05146145820617676
17,3,15,0.53125,0.04411764705882353,0.85,0.6538461538461537,Hub,0.05,1,32,oCSE,102.20341300964355
31,43,1,0.96875,0.6323529411764706,0.4189189189189189,0.5849056603773585,Hub,0.05,1,32,PCMCI,83.62091493606567
26,36,6,0.8125,0.5294117647058824,0.41935483870967744,0.5531914893617021,Hub,0.05,1,32,Linear Granger,0.04778456687927246
16,3,16,0.5,0.04411764705882353,0.8421052631578947,0.6274509803921569,Hub,0.1,1,32,oCSE,106.8596842288971
32,46,0,1.0,0.6764705882352942,0.41025641025641024,0.5818181818181819,Hub,0.1,1,32,PCMCI,93.47095799446106
26,37,6,0.8125,0.5441176470588235,0.4126984126984127,0.5473684210526316,Hub,0.1,1,32,Linear Granger,0.04785585403442383
14,3,18,0.4375,0.04411764705882353,0.8235294117647058,0.5714285714285714,Hub,0.2,1,32,oCSE,117.9501142501831
30,43,2,0.9375,0.6323529411764706,0.410958904109589,0.5714285714285715,Hub,0.2,1,32,PCMCI,109.78932070732117
28,40,4,0.875,0.5882352941176471,0.4117647058823529,0.56,Hub,0.2,1,32,Linear Granger,0.05380415916442871
15,4,17,0.46875,0.058823529411764705,0.7894736842105263,0.5882352941176471,Hub,0.3,1,32,oCSE,121.9280321598053
31,53,1,0.96875,0.7794117647058824,0.36904761904761907,0.5344827586206897,Hub,0.3,1,32,PCMCI,115.20898342132568
29,40,3,0.90625,0.5882352941176471,0.42028985507246375,0.5742574257425742,Hub,0.3,1,32,Linear Granger,0.04765439033508301
13,6,19,0.40625,0.08823529411764706,0.6842105263157895,0.5098039215686275,Hub,0.5,1,32,oCSE,129.5160174369812
32,51,0,1.0,0.75,0.3855421686746988,0.5565217391304349,Hub,0.5,1,32,PCMCI,143.8891429901123
30,45,2,0.9375,0.6617647058823529,0.4,0.5607476635514019,Hub,0.5,1,32,Linear Granger,0.04954099655151367
22,4,10,0.6875,0.058823529411764705,0.8461538461538461,0.7586206896551724,Hub,0.01,2,32,oCSE,109.88860774040222
28,49,4,0.875,0.7205882352941176,0.36363636363636365,0.5137614678899082,Hub,0.01,2,32,PCMCI,111.01589870452881
21,12,11,0.65625,0.17647058823529413,0.6363636363636364,0.6461538461538462,Hub,0.01,2,32,Linear Granger,0.06930732727050781
24,8,8,0.75,0.11764705882352941,0.75,0.75,Hub,0.025,2,32,oCSE,108.70202231407166
30,47,2,0.9375,0.6911764705882353,0.38961038961038963,0.5504587155963303,Hub,0.025,2,32,PCMCI,120.56395626068115
23,12,9,0.71875,0.17647058823529413,0.6571428571428571,0.6865671641791045,Hub,0.025,2,32,Linear Granger,0.04812955856323242
25,7,7,0.78125,0.10294117647058823,0.78125,0.78125,Hub,0.05,2,32,oCSE,113.03147053718567
28,52,4,0.875,0.7647058823529411,0.35,0.4999999999999999,Hub,0.05,2,32,PCMCI,124.15724754333496
24,16,8,0.75,0.23529411764705882,0.6,0.6666666666666665,Hub,0.05,2,32,Linear Granger,0.05059552192687988
18,11,14,0.5625,0.16176470588235295,0.6206896551724138,0.5901639344262296,Hub,0.1,2,32,oCSE,123.13608384132385
32,49,0,1.0,0.7205882352941176,0.3950617283950617,0.5663716814159292,Hub,0.1,2,32,PCMCI,141.58444333076477
25,19,7,0.78125,0.27941176470588236,0.5681818181818182,0.6578947368421052,Hub,0.1,2,32,Linear Granger,0.049387454986572266
18,10,14,0.5625,0.14705882352941177,0.6428571428571429,0.6000000000000001,Hub,0.2,2,32,oCSE,131.12144827842712
29,52,3,0.90625,0.7647058823529411,0.35802469135802467,0.5132743362831858,Hub,0.2,2,32,PCMCI,158.52486729621887
30,27,2,0.9375,0.39705882352941174,0.5263157894736842,0.6741573033707865,Hub,0.2,2,32,Linear Granger,0.04902315139770508
20,13,12,0.625,0.19117647058823528,0.6060606060606061,0.6153846153846154,Hub,0.3,2,32,oCSE,132.17378950119019
30,48,2,0.9375,0.7058823529411765,0.38461538461538464,0.5454545454545454,Hub,0.3,2,32,PCMCI,175.26081681251526
31,30,1,0.96875,0.4411764705882353,0.5081967213114754,0.6666666666666667,Hub,0.3,2,32,Linear Granger,0.04867672920227051
19,12,13,0.59375,0.17647058823529413,0.6129032258064516,0.6031746031746031,Hub,0.5,2,32,oCSE,136.5320439338684
30,47,2,0.9375,0.6911764705882353,0.38961038961038963,0.5504587155963303,Hub,0.5,2,32,PCMCI,208.5115146636963
31,40,1,0.96875,0.5882352941176471,0.43661971830985913,0.6019417475728155,Hub,0.5,2,32,Linear Granger,0.04798126220703125
24,2,8,0.75,0.029411764705882353,0.9230769230769231,0.8275862068965517,Hub,0.01,3,32,oCSE,97.64059734344482
26,43,6,0.8125,0.6323529411764706,0.37681159420289856,0.514851485148515,Hub,0.01,3,32,PCMCI,90.96678709983826
19,32,13,0.59375,0.47058823529411764,0.37254901960784315,0.4578313253012048,Hub,0.01,3,32,Linear Granger,0.0494685173034668
23,2,9,0.71875,0.029411764705882353,0.92,0.8070175438596492,Hub,0.025,3,32,oCSE,98.90197801589966
30,49,2,0.9375,0.7205882352941176,0.379746835443038,0.5405405405405406,Hub,0.025,3,32,PCMCI,94.70503044128418
19,37,13,0.59375,0.5441176470588235,0.3392857142857143,0.4318181818181819,Hub,0.025,3,32,Linear Granger,0.05359172821044922
20,5,12,0.625,0.07352941176470588,0.8,0.7017543859649122,Hub,0.05,3,32,oCSE,103.17416310310364
28,40,4,0.875,0.5882352941176471,0.4117647058823529,0.56,Hub,0.05,3,32,PCMCI,106.39171695709229
22,41,10,0.6875,0.6029411764705882,0.3492063492063492,0.46315789473684205,Hub,0.05,3,32,Linear Granger,0.049825191497802734
18,4,14,0.5625,0.058823529411764705,0.8181818181818182,0.6666666666666666,Hub,0.1,3,32,oCSE,107.02150845527649
27,52,5,0.84375,0.7647058823529411,0.34177215189873417,0.48648648648648646,Hub,0.1,3,32,PCMCI,113.65385460853577
22,43,10,0.6875,0.6323529411764706,0.3384615384615385,0.45360824742268036,Hub,0.1,3,32,Linear Granger,0.050446510314941406
14,6,18,0.4375,0.08823529411764706,0.7,0.5384615384615384,Hub,0.2,3,32,oCSE,121.9391279220581
31,49,1,0.96875,0.7205882352941176,0.3875,0.5535714285714286,Hub,0.2,3,32,PCMCI,128.64592146873474
23,48,9,0.71875,0.7058823529411765,0.323943661971831,0.44660194174757284,Hub,0.2,3,32,Linear Granger,0.04981040954589844
20,5,12,0.625,0.07352941176470588,0.8,0.7017543859649122,Hub,0.3,3,32,oCSE,125.49679470062256
30,48,2,0.9375,0.7058823529411765,0.38461538461538464,0.5454545454545454,Hub,0.3,3,32,PCMCI,140.1221888065338
25,49,7,0.78125,0.7205882352941176,0.33783783783783783,0.4716981132075472,Hub,0.3,3,32,Linear Granger,0.05200362205505371
20,6,12,0.625,0.08823529411764706,0.7692307692307693,0.6896551724137931,Hub,0.5,3,32,oCSE,133.55047225952148
30,47,2,0.9375,0.6911764705882353,0.38961038961038963,0.5504587155963303,Hub,0.5,3,32,PCMCI,170.678076505661
26,54,6,0.8125,0.7941176470588235,0.325,0.46428571428571436,Hub,0.5,3,32,Linear Granger,0.05165886878967285
22,6,10,0.6875,0.08823529411764706,0.7857142857142857,0.7333333333333334,Hub,0.01,4,32,oCSE,100.7883551120758
29,52,3,0.90625,0.7647058823529411,0.35802469135802467,0.5132743362831858,Hub,0.01,4,32,PCMCI,96.51172518730164
22,25,10,0.6875,0.36764705882352944,0.46808510638297873,0.5569620253164557,Hub,0.01,4,32,Linear Granger,0.04982495307922363
22,5,10,0.6875,0.07352941176470588,0.8148148148148148,0.7457627118644067,Hub,0.025,4,32,oCSE,106.07738161087036
32,53,0,1.0,0.7794117647058824,0.3764705882352941,0.547008547008547,Hub,0.025,4,32,PCMCI,101.26307415962219
23,32,9,0.71875,0.47058823529411764,0.41818181818181815,0.528735632183908,Hub,0.025,4,32,Linear Granger,0.05117964744567871
21,6,11,0.65625,0.08823529411764706,0.7777777777777778,0.711864406779661,Hub,0.05,4,32,oCSE,111.55969429016113
28,44,4,0.875,0.6470588235294118,0.3888888888888889,0.5384615384615385,Hub,0.05,4,32,PCMCI,109.43648433685303
25,34,7,0.78125,0.5,0.423728813559322,0.5494505494505494,Hub,0.05,4,32,Linear Granger,0.09277820587158203
20,6,12,0.625,0.08823529411764706,0.7692307692307693,0.6896551724137931,Hub,0.1,4,32,oCSE,111.82986664772034
30,46,2,0.9375,0.6764705882352942,0.39473684210526316,0.5555555555555556,Hub,0.1,4,32,PCMCI,119.16877627372742
25,36,7,0.78125,0.5294117647058824,0.4098360655737705,0.5376344086021505,Hub,0.1,4,32,Linear Granger,0.053516387939453125
19,6,13,0.59375,0.08823529411764706,0.76,0.6666666666666666,Hub,0.2,4,32,oCSE,117.71908926963806
30,49,2,0.9375,0.7205882352941176,0.379746835443038,0.5405405405405406,Hub,0.2,4,32,PCMCI,135.08695101737976
26,41,6,0.8125,0.6029411764705882,0.3880597014925373,0.5252525252525252,Hub,0.2,4,32,Linear Granger,0.04903364181518555
15,7,17,0.46875,0.10294117647058823,0.6818181818181818,0.5555555555555556,Hub,0.3,4,32,oCSE,126.12382435798645
31,47,1,0.96875,0.6911764705882353,0.3974358974358974,0.5636363636363636,Hub,0.3,4,32,PCMCI,152.82624173164368
28,43,4,0.875,0.6323529411764706,0.39436619718309857,0.5436893203883495,Hub,0.3,4,32,Linear Granger,0.05205368995666504
12,5,20,0.375,0.07352941176470588,0.7058823529411765,0.48979591836734687,Hub,0.5,4,32,oCSE,128.38937067985535
28,46,4,0.875,0.6764705882352942,0.3783783783783784,0.5283018867924528,Hub,0.5,4,32,PCMCI,180.86095356941223
28,48,4,0.875,0.7058823529411765,0.3684210526315789,0.5185185185185185,Hub,0.5,4,32,Linear Granger,0.050687313079833984
18,3,22,0.45,0.05,0.8571428571428571,0.5901639344262294,Small-World,0.01,0,40,oCSE,98.55339622497559
37,39,3,0.925,0.65,0.4868421052631579,0.6379310344827587,Small-World,0.01,0,40,PCMCI,68.43829488754272
22,32,18,0.55,0.5333333333333333,0.4074074074074074,0.46808510638297873,Small-World,0.01,0,40,Linear Granger,0.04848504066467285
19,3,21,0.475,0.05,0.8636363636363636,0.6129032258064516,Small-World,0.025,0,40,oCSE,100.79989862442017
38,41,2,0.95,0.6833333333333333,0.4810126582278481,0.6386554621848739,Small-World,0.025,0,40,PCMCI,75.10525488853455
23,34,17,0.575,0.5666666666666667,0.40350877192982454,0.4742268041237113,Small-World,0.025,0,40,Linear Granger,0.05023050308227539
18,3,22,0.45,0.05,0.8571428571428571,0.5901639344262294,Small-World,0.05,0,40,oCSE,104.59917402267456
38,44,2,0.95,0.7333333333333333,0.4634146341463415,0.6229508196721312,Small-World,0.05,0,40,PCMCI,81.92442345619202
26,35,14,0.65,0.5833333333333334,0.4262295081967213,0.5148514851485149,Small-World,0.05,0,40,Linear Granger,0.04951596260070801
17,3,23,0.425,0.05,0.85,0.5666666666666667,Small-World,0.1,0,40,oCSE,112.19465112686157
38,42,2,0.95,0.7,0.475,0.6333333333333334,Small-World,0.1,0,40,PCMCI,91.89719891548157
27,39,13,0.675,0.65,0.4090909090909091,0.5094339622641509,Small-World,0.1,0,40,Linear Granger,0.12121009826660156
18,5,22,0.45,0.08333333333333333,0.782608695652174,0.5714285714285714,Small-World,0.2,0,40,oCSE,117.70639133453369
40,47,0,1.0,0.7833333333333333,0.45977011494252873,0.6299212598425197,Small-World,0.2,0,40,PCMCI,103.43469047546387
29,40,11,0.725,0.6666666666666666,0.42028985507246375,0.5321100917431193,Small-World,0.2,0,40,Linear Granger,0.05126166343688965
17,2,23,0.425,0.03333333333333333,0.8947368421052632,0.576271186440678,Small-World,0.3,0,40,oCSE,123.27017855644226
40,47,0,1.0,0.7833333333333333,0.45977011494252873,0.6299212598425197,Small-World,0.3,0,40,PCMCI,113.67272782325745
29,43,11,0.725,0.7166666666666667,0.4027777777777778,0.5178571428571429,Small-World,0.3,0,40,Linear Granger,0.0478515625
15,4,25,0.375,0.06666666666666667,0.7894736842105263,0.5084745762711864,Small-World,0.5,0,40,oCSE,133.62404942512512
39,48,1,0.975,0.8,0.4482758620689655,0.6141732283464567,Small-World,0.5,0,40,PCMCI,137.61943316459656
33,45,7,0.825,0.75,0.4230769230769231,0.559322033898305,Small-World,0.5,0,40,Linear Granger,0.051358699798583984
19,0,21,0.475,0.0,1.0,0.6440677966101694,Small-World,0.01,1,40,oCSE,94.06703162193298
40,40,0,1.0,0.6666666666666666,0.5,0.6666666666666666,Small-World,0.01,1,40,PCMCI,61.15241241455078
25,31,15,0.625,0.5166666666666667,0.44642857142857145,0.5208333333333334,Small-World,0.01,1,40,Linear Granger,0.04907822608947754
17,1,23,0.425,0.016666666666666666,0.9444444444444444,0.5862068965517241,Small-World,0.025,1,40,oCSE,100.80321788787842
39,39,1,0.975,0.65,0.5,0.6610169491525423,Small-World,0.025,1,40,PCMCI,67.5005452632904
25,34,15,0.625,0.5666666666666667,0.423728813559322,0.505050505050505,Small-World,0.025,1,40,Linear Granger,0.05173635482788086
17,0,23,0.425,0.0,1.0,0.5964912280701754,Small-World,0.05,1,40,oCSE,104.95824766159058
37,40,3,0.925,0.6666666666666666,0.4805194805194805,0.6324786324786325,Small-World,0.05,1,40,PCMCI,72.7393319606781
26,35,14,0.65,0.5833333333333334,0.4262295081967213,0.5148514851485149,Small-World,0.05,1,40,Linear Granger,0.05245375633239746
18,1,22,0.45,0.016666666666666666,0.9473684210526315,0.6101694915254237,Small-World,0.1,1,40,oCSE,113.07095122337341
40,43,0,1.0,0.7166666666666667,0.4819277108433735,0.6504065040650406,Small-World,0.1,1,40,PCMCI,83.13808941841125
27,35,13,0.675,0.5833333333333334,0.43548387096774194,0.5294117647058822,Small-World,0.1,1,40,Linear Granger,0.04995918273925781
15,1,25,0.375,0.016666666666666666,0.9375,0.5357142857142857,Small-World,0.2,1,40,oCSE,122.61452865600586
39,47,1,0.975,0.7833333333333333,0.45348837209302323,0.6190476190476191,Small-World,0.2,1,40,PCMCI,97.92546033859253
33,38,7,0.825,0.6333333333333333,0.4647887323943662,0.5945945945945946,Small-World,0.2,1,40,Linear Granger,0.06569385528564453
9,3,31,0.225,0.05,0.75,0.3461538461538462,Small-World,0.3,1,40,oCSE,128.964857339859
40,48,0,1.0,0.8,0.45454545454545453,0.625,Small-World,0.3,1,40,PCMCI,108.32737183570862
35,44,5,0.875,0.7333333333333333,0.4430379746835443,0.5882352941176471,Small-World,0.3,1,40,Linear Granger,0.05135750770568848
12,4,28,0.3,0.06666666666666667,0.75,0.4285714285714285,Small-World,0.5,1,40,oCSE,142.59060335159302
39,50,1,0.975,0.8333333333333334,0.43820224719101125,0.6046511627906976,Small-World,0.5,1,40,PCMCI,132.49307942390442
39,48,1,0.975,0.8,0.4482758620689655,0.6141732283464567,Small-World,0.5,1,40,Linear Granger,0.049082040786743164
27,1,13,0.675,0.016666666666666666,0.9642857142857143,0.7941176470588236,Small-World,0.01,2,40,oCSE,115.18086266517639
38,42,2,0.95,0.7,0.475,0.6333333333333334,Small-World,0.01,2,40,PCMCI,136.72151851654053
20,22,20,0.5,0.36666666666666664,0.47619047619047616,0.4878048780487805,Small-World,0.01,2,40,Linear Granger,0.0476226806640625
29,2,11,0.725,0.03333333333333333,0.9354838709677419,0.8169014084507041,Small-World,0.025,2,40,oCSE,117.31064128875732
32,39,8,0.8,0.65,0.4507042253521127,0.5765765765765766,Small-World,0.025,2,40,PCMCI,145.2370524406433
22,27,18,0.55,0.45,0.4489795918367347,0.4943820224719101,Small-World,0.025,2,40,Linear Granger,0.050177574157714844
26,3,14,0.65,0.05,0.896551724137931,0.7536231884057972,Small-World,0.05,2,40,oCSE,118.34016251564026
38,42,2,0.95,0.7,0.475,0.6333333333333334,Small-World,0.05,2,40,PCMCI,158.2796778678894
23,30,17,0.575,0.5,0.4339622641509434,0.49462365591397855,Small-World,0.05,2,40,Linear Granger,0.04851555824279785
23,3,17,0.575,0.05,0.8846153846153846,0.696969696969697,Small-World,0.1,2,40,oCSE,120.85042262077332
37,41,3,0.925,0.6833333333333333,0.47435897435897434,0.6271186440677966,Small-World,0.1,2,40,PCMCI,163.55917716026306
27,30,13,0.675,0.5,0.47368421052631576,0.5567010309278351,Small-World,0.1,2,40,Linear Granger,0.05072474479675293
23,4,17,0.575,0.06666666666666667,0.8518518518518519,0.6865671641791045,Small-World,0.2,2,40,oCSE,132.67935466766357
35,41,5,0.875,0.6833333333333333,0.4605263157894737,0.603448275862069,Small-World,0.2,2,40,PCMCI,181.28430151939392
29,31,11,0.725,0.5166666666666667,0.48333333333333334,0.58,Small-World,0.2,2,40,Linear Granger,0.04995155334472656
23,5,17,0.575,0.08333333333333333,0.8214285714285714,0.676470588235294,Small-World,0.3,2,40,oCSE,134.8456540107727
31,41,9,0.775,0.6833333333333333,0.4305555555555556,0.5535714285714286,Small-World,0.3,2,40,PCMCI,196.6267819404602
31,35,9,0.775,0.5833333333333334,0.4696969696969697,0.5849056603773586,Small-World,0.3,2,40,Linear Granger,0.04867053031921387
25,5,15,0.625,0.08333333333333333,0.8333333333333334,0.7142857142857143,Small-World,0.5,2,40,oCSE,135.1986894607544
36,40,4,0.9,0.6666666666666666,0.47368421052631576,0.6206896551724138,Small-World,0.5,2,40,PCMCI,226.78273820877075
35,42,5,0.875,0.7,0.45454545454545453,0.5982905982905983,Small-World,0.5,2,40,Linear Granger,0.05127859115600586
27,4,13,0.675,0.06666666666666667,0.8709677419354839,0.7605633802816901,Small-World,0.01,3,40,oCSE,104.89730453491211
37,40,3,0.925,0.6666666666666666,0.4805194805194805,0.6324786324786325,Small-World,0.01,3,40,PCMCI,118.28097629547119
24,26,16,0.6,0.43333333333333335,0.48,0.5333333333333332,Small-World,0.01,3,40,Linear Granger,0.04800605773925781
26,6,14,0.65,0.1,0.8125,0.7222222222222223,Small-World,0.025,3,40,oCSE,112.19044518470764
32,34,8,0.8,0.5666666666666667,0.48484848484848486,0.6037735849056605,Small-World,0.025,3,40,PCMCI,127.97485113143921
24,29,16,0.6,0.48333333333333334,0.4528301886792453,0.5161290322580645,Small-World,0.025,3,40,Linear Granger,0.04903602600097656
21,7,19,0.525,0.11666666666666667,0.75,0.6176470588235295,Small-World,0.05,3,40,oCSE,117.06711220741272
37,36,3,0.925,0.6,0.5068493150684932,0.6548672566371682,Small-World,0.05,3,40,PCMCI,137.43161988258362
24,31,16,0.6,0.5166666666666667,0.43636363636363634,0.5052631578947367,Small-World,0.05,3,40,Linear Granger,0.049016475677490234
21,8,19,0.525,0.13333333333333333,0.7241379310344828,0.6086956521739131,Small-World,0.1,3,40,oCSE,123.18613886833191
34,35,6,0.85,0.5833333333333334,0.4927536231884058,0.6238532110091743,Small-World,0.1,3,40,PCMCI,148.26259446144104
27,36,13,0.675,0.6,0.42857142857142855,0.5242718446601942,Small-World,0.1,3,40,Linear Granger,0.05579423904418945
21,4,19,0.525,0.06666666666666667,0.84,0.6461538461538462,Small-World,0.2,3,40,oCSE,130.74437141418457
38,42,2,0.95,0.7,0.475,0.6333333333333334,Small-World,0.2,3,40,PCMCI,160.8181083202362
31,36,9,0.775,0.6,0.4626865671641791,0.5794392523364486,Small-World,0.2,3,40,Linear Granger,0.049790143966674805
19,4,21,0.475,0.06666666666666667,0.8260869565217391,0.6031746031746033,Small-World,0.3,3,40,oCSE,133.0262107849121
37,39,3,0.925,0.65,0.4868421052631579,0.6379310344827587,Small-World,0.3,3,40,PCMCI,181.31440925598145
31,37,9,0.775,0.6166666666666667,0.45588235294117646,0.5740740740740741,Small-World,0.3,3,40,Linear Granger,0.053296566009521484
23,5,17,0.575,0.08333333333333333,0.8214285714285714,0.676470588235294,Small-World,0.5,3,40,oCSE,132.27272176742554
37,39,3,0.925,0.65,0.4868421052631579,0.6379310344827587,Small-World,0.5,3,40,PCMCI,219.47333407402039
33,40,7,0.825,0.6666666666666666,0.4520547945205479,0.584070796460177,Small-World,0.5,3,40,Linear Granger,0.05119967460632324
23,5,17,0.575,0.08333333333333333,0.8214285714285714,0.676470588235294,Small-World,0.01,4,40,oCSE,107.95933175086975
34,40,6,0.85,0.6666666666666666,0.4594594594594595,0.5964912280701754,Small-World,0.01,4,40,PCMCI,141.44174194335938
22,29,18,0.55,0.48333333333333334,0.43137254901960786,0.4835164835164835,Small-World,0.01,4,40,Linear Granger,0.05098676681518555
26,3,14,0.65,0.05,0.896551724137931,0.7536231884057972,Small-World,0.025,4,40,oCSE,110.38159537315369
40,42,0,1.0,0.7,0.4878048780487805,0.6557377049180327,Small-World,0.025,4,40,PCMCI,148.6277174949646
24,32,16,0.6,0.5333333333333333,0.42857142857142855,0.5,Small-World,0.025,4,40,Linear Granger,0.051061391830444336
23,4,17,0.575,0.06666666666666667,0.8518518518518519,0.6865671641791045,Small-World,0.05,4,40,oCSE,114.19200801849365
34,41,6,0.85,0.6833333333333333,0.4533333333333333,0.591304347826087,Small-World,0.05,4,40,PCMCI,161.0673384666443
28,32,12,0.7,0.5333333333333333,0.4666666666666667,0.56,Small-World,0.05,4,40,Linear Granger,0.05024147033691406
24,4,16,0.6,0.06666666666666667,0.8571428571428571,0.7058823529411764,Small-World,0.1,4,40,oCSE,119.23464393615723
39,41,1,0.975,0.6833333333333333,0.4875,0.65,Small-World,0.1,4,40,PCMCI,171.97227716445923
31,34,9,0.775,0.5666666666666667,0.47692307692307695,0.5904761904761905,Small-World,0.1,4,40,Linear Granger,0.048537492752075195
19,7,21,0.475,0.11666666666666667,0.7307692307692307,0.5757575757575758,Small-World,0.2,4,40,oCSE,127.52879071235657
36,42,4,0.9,0.7,0.46153846153846156,0.6101694915254238,Small-World,0.2,4,40,PCMCI,186.5504322052002
32,38,8,0.8,0.6333333333333333,0.45714285714285713,0.5818181818181818,Small-World,0.2,4,40,Linear Granger,0.04871869087219238
21,5,19,0.525,0.08333333333333333,0.8076923076923077,0.6363636363636364,Small-World,0.3,4,40,oCSE,141.4400932788849
36,41,4,0.9,0.6833333333333333,0.4675324675324675,0.6153846153846153,Small-World,0.3,4,40,PCMCI,202.05582213401794
35,40,5,0.875,0.6666666666666666,0.4666666666666667,0.608695652173913,Small-World,0.3,4,40,Linear Granger,0.05088162422180176
18,4,22,0.45,0.06666666666666667,0.8181818181818182,0.5806451612903226,Small-World,0.5,4,40,oCSE,144.80106258392334
37,40,3,0.925,0.6666666666666666,0.4805194805194805,0.6324786324786325,Small-World,0.5,4,40,PCMCI,222.30738639831543
36,41,4,0.9,0.6833333333333333,0.4675324675324675,0.6153846153846153,Small-World,0.5,4,40,Linear Granger,0.05396723747253418
23,7,11,0.6764705882352942,0.10606060606060606,0.7666666666666667,0.71875,Erdos-Renyi,0.01,0,34,oCSE,111.75137209892273
33,42,1,0.9705882352941176,0.6363636363636364,0.44,0.6055045871559633,Erdos-Renyi,0.01,0,34,PCMCI,101.281733751297
26,43,8,0.7647058823529411,0.6515151515151515,0.37681159420289856,0.5048543689320389,Erdos-Renyi,0.01,0,34,Linear Granger,0.053420305252075195
22,7,12,0.6470588235294118,0.10606060606060606,0.7586206896551724,0.6984126984126984,Erdos-Renyi,0.025,0,34,oCSE,116.00688481330872
33,43,1,0.9705882352941176,0.6515151515151515,0.4342105263157895,0.6000000000000001,Erdos-Renyi,0.025,0,34,PCMCI,108.90145826339722
28,45,6,0.8235294117647058,0.6818181818181818,0.3835616438356164,0.5233644859813084,Erdos-Renyi,0.025,0,34,Linear Granger,0.051058053970336914
18,6,16,0.5294117647058824,0.09090909090909091,0.75,0.6206896551724139,Erdos-Renyi,0.05,0,34,oCSE,116.94014430046082
32,43,2,0.9411764705882353,0.6515151515151515,0.4266666666666667,0.5871559633027523,Erdos-Renyi,0.05,0,34,PCMCI,118.2015426158905
28,48,6,0.8235294117647058,0.7272727272727273,0.3684210526315789,0.509090909090909,Erdos-Renyi,0.05,0,34,Linear Granger,0.05178570747375488
25,11,9,0.7352941176470589,0.16666666666666666,0.6944444444444444,0.7142857142857144,Erdos-Renyi,0.1,0,34,oCSE,124.75502276420593
28,43,6,0.8235294117647058,0.6515151515151515,0.39436619718309857,0.5333333333333333,Erdos-Renyi,0.1,0,34,PCMCI,129.8141016960144
29,49,5,0.8529411764705882,0.7424242424242424,0.3717948717948718,0.5178571428571428,Erdos-Renyi,0.1,0,34,Linear Granger,0.05103349685668945
26,11,8,0.7647058823529411,0.16666666666666666,0.7027027027027027,0.7323943661971832,Erdos-Renyi,0.2,0,34,oCSE,125.80352973937988
32,45,2,0.9411764705882353,0.6818181818181818,0.4155844155844156,0.5765765765765766,Erdos-Renyi,0.2,0,34,PCMCI,149.49812602996826
29,49,5,0.8529411764705882,0.7424242424242424,0.3717948717948718,0.5178571428571428,Erdos-Renyi,0.2,0,34,Linear Granger,0.05513906478881836
20,11,14,0.5882352941176471,0.16666666666666666,0.6451612903225806,0.6153846153846154,Erdos-Renyi,0.3,0,34,oCSE,127.96837401390076
34,39,0,1.0,0.5909090909090909,0.4657534246575342,0.6355140186915887,Erdos-Renyi,0.3,0,34,PCMCI,164.57710361480713
29,51,5,0.8529411764705882,0.7727272727272727,0.3625,0.5087719298245613,Erdos-Renyi,0.3,0,34,Linear Granger,0.04778003692626953
22,10,12,0.6470588235294118,0.15151515151515152,0.6875,0.6666666666666667,Erdos-Renyi,0.5,0,34,oCSE,128.29216313362122
29,38,5,0.8529411764705882,0.5757575757575758,0.43283582089552236,0.5742574257425742,Erdos-Renyi,0.5,0,34,PCMCI,201.6015818119049
30,54,4,0.8823529411764706,0.8181818181818182,0.35714285714285715,0.5084745762711864,Erdos-Renyi,0.5,0,34,Linear Granger,0.05018782615661621
28,6,4,0.875,0.08823529411764706,0.8235294117647058,0.8484848484848485,Erdos-Renyi,0.01,1,32,oCSE,113.34740018844604
28,41,4,0.875,0.6029411764705882,0.4057971014492754,0.5544554455445545,Erdos-Renyi,0.01,1,32,PCMCI,118.26481628417969
22,27,10,0.6875,0.39705882352941174,0.4489795918367347,0.5432098765432098,Erdos-Renyi,0.01,1,32,Linear Granger,0.04989504814147949
24,9,8,0.75,0.1323529411764706,0.7272727272727273,0.7384615384615384,Erdos-Renyi,0.025,1,32,oCSE,115.68448543548584
27,44,5,0.84375,0.6470588235294118,0.38028169014084506,0.5242718446601942,Erdos-Renyi,0.025,1,32,PCMCI,124.3948163986206
23,27,9,0.71875,0.39705882352941174,0.46,0.5609756097560976,Erdos-Renyi,0.025,1,32,Linear Granger,0.04902935028076172
21,9,11,0.65625,0.1323529411764706,0.7,0.6774193548387096,Erdos-Renyi,0.05,1,32,oCSE,119.0079357624054
29,53,3,0.90625,0.7794117647058824,0.35365853658536583,0.5087719298245614,Erdos-Renyi,0.05,1,32,PCMCI,132.125572681427
23,36,9,0.71875,0.5294117647058824,0.3898305084745763,0.5054945054945055,Erdos-Renyi,0.05,1,32,Linear Granger,0.05157637596130371
26,8,6,0.8125,0.11764705882352941,0.7647058823529411,0.787878787878788,Erdos-Renyi,0.1,1,32,oCSE,120.58735990524292
26,47,6,0.8125,0.6911764705882353,0.3561643835616438,0.4952380952380952,Erdos-Renyi,0.1,1,32,PCMCI,149.202734708786
23,40,9,0.71875,0.5882352941176471,0.36507936507936506,0.4842105263157895,Erdos-Renyi,0.1,1,32,Linear Granger,0.048096656799316406
20,7,12,0.625,0.10294117647058823,0.7407407407407407,0.6779661016949152,Erdos-Renyi,0.2,1,32,oCSE,123.63652920722961
29,47,3,0.90625,0.6911764705882353,0.3815789473684211,0.5370370370370371,Erdos-Renyi,0.2,1,32,PCMCI,167.31632614135742
25,44,7,0.78125,0.6470588235294118,0.36231884057971014,0.49504950495049505,Erdos-Renyi,0.2,1,32,Linear Granger,0.04811906814575195
20,11,12,0.625,0.16176470588235295,0.6451612903225806,0.634920634920635,Erdos-Renyi,0.3,1,32,oCSE,127.65683317184448
29,46,3,0.90625,0.6764705882352942,0.38666666666666666,0.5420560747663551,Erdos-Renyi,0.3,1,32,PCMCI,180.14528441429138
25,47,7,0.78125,0.6911764705882353,0.3472222222222222,0.4807692307692307,Erdos-Renyi,0.3,1,32,Linear Granger,0.04994773864746094
20,11,12,0.625,0.16176470588235295,0.6451612903225806,0.634920634920635,Erdos-Renyi,0.5,1,32,oCSE,126.73748064041138
27,47,5,0.84375,0.6911764705882353,0.36486486486486486,0.5094339622641509,Erdos-Renyi,0.5,1,32,PCMCI,215.3420705795288
26,53,6,0.8125,0.7794117647058824,0.3291139240506329,0.46846846846846846,Erdos-Renyi,0.5,1,32,Linear Granger,0.051338911056518555
27,6,4,0.8709677419354839,0.08695652173913043,0.8181818181818182,0.84375,Erdos-Renyi,0.01,2,31,oCSE,108.45275831222534
25,49,6,0.8064516129032258,0.7101449275362319,0.33783783783783783,0.4761904761904761,Erdos-Renyi,0.01,2,31,PCMCI,122.35411953926086
16,17,15,0.5161290322580645,0.2463768115942029,0.48484848484848486,0.5,Erdos-Renyi,0.01,2,31,Linear Granger,0.050076961517333984
26,7,5,0.8387096774193549,0.10144927536231885,0.7878787878787878,0.8125,Erdos-Renyi,0.025,2,31,oCSE,110.77757477760315
27,51,4,0.8709677419354839,0.7391304347826086,0.34615384615384615,0.4954128440366973,Erdos-Renyi,0.025,2,31,PCMCI,133.51359605789185
17,22,14,0.5483870967741935,0.3188405797101449,0.4358974358974359,0.4857142857142857,Erdos-Renyi,0.025,2,31,Linear Granger,0.07644200325012207
21,5,10,0.6774193548387096,0.07246376811594203,0.8076923076923077,0.7368421052631579,Erdos-Renyi,0.05,2,31,oCSE,115.49334406852722
25,48,6,0.8064516129032258,0.6956521739130435,0.3424657534246575,0.4807692307692307,Erdos-Renyi,0.05,2,31,PCMCI,142.51667308807373
19,26,12,0.6129032258064516,0.37681159420289856,0.4222222222222222,0.5,Erdos-Renyi,0.05,2,31,Linear Granger,0.05016827583312988
12,4,19,0.3870967741935484,0.057971014492753624,0.75,0.5106382978723403,Erdos-Renyi,0.1,2,31,oCSE,118.33062791824341
29,49,2,0.9354838709677419,0.7101449275362319,0.3717948717948718,0.5321100917431193,Erdos-Renyi,0.1,2,31,PCMCI,151.43562197685242
20,31,11,0.6451612903225806,0.4492753623188406,0.39215686274509803,0.4878048780487804,Erdos-Renyi,0.1,2,31,Linear Granger,0.05044889450073242
18,9,13,0.5806451612903226,0.13043478260869565,0.6666666666666666,0.6206896551724138,Erdos-Renyi,0.2,2,31,oCSE,126.28471779823303
26,50,5,0.8387096774193549,0.7246376811594203,0.34210526315789475,0.485981308411215,Erdos-Renyi,0.2,2,31,PCMCI,168.00736474990845
22,40,9,0.7096774193548387,0.5797101449275363,0.3548387096774194,0.4731182795698926,Erdos-Renyi,0.2,2,31,Linear Granger,0.05126547813415527
19,8,12,0.6129032258064516,0.11594202898550725,0.7037037037037037,0.6551724137931035,Erdos-Renyi,0.3,2,31,oCSE,126.42728734016418
27,49,4,0.8709677419354839,0.7101449275362319,0.35526315789473684,0.5046728971962617,Erdos-Renyi,0.3,2,31,PCMCI,188.51798033714294
27,43,4,0.8709677419354839,0.6231884057971014,0.38571428571428573,0.5346534653465347,Erdos-Renyi,0.3,2,31,Linear Granger,0.05035114288330078
19,7,12,0.6129032258064516,0.10144927536231885,0.7307692307692307,0.6666666666666667,Erdos-Renyi,0.5,2,31,oCSE,129.7582037448883
27,46,4,0.8709677419354839,0.6666666666666666,0.3698630136986301,0.5192307692307693,Erdos-Renyi,0.5,2,31,PCMCI,219.80815768241882
30,52,1,0.967741935483871,0.7536231884057971,0.36585365853658536,0.5309734513274337,Erdos-Renyi,0.5,2,31,Linear Granger,0.05077171325683594
19,5,13,0.59375,0.07352941176470588,0.7916666666666666,0.6785714285714286,Erdos-Renyi,0.01,3,32,oCSE,101.08305335044861
31,45,1,0.96875,0.6617647058823529,0.40789473684210525,0.5740740740740741,Erdos-Renyi,0.01,3,32,PCMCI,95.27332520484924
17,29,15,0.53125,0.4264705882352941,0.3695652173913043,0.4358974358974359,Erdos-Renyi,0.01,3,32,Linear Granger,0.05427718162536621
19,6,13,0.59375,0.08823529411764706,0.76,0.6666666666666666,Erdos-Renyi,0.025,3,32,oCSE,104.11068749427795
31,47,1,0.96875,0.6911764705882353,0.3974358974358974,0.5636363636363636,Erdos-Renyi,0.025,3,32,PCMCI,99.37392544746399
17,34,15,0.53125,0.5,0.3333333333333333,0.40963855421686746,Erdos-Renyi,0.025,3,32,Linear Granger,0.04893207550048828
17,7,15,0.53125,0.10294117647058823,0.7083333333333334,0.6071428571428571,Erdos-Renyi,0.05,3,32,oCSE,107.55320692062378
32,49,0,1.0,0.7205882352941176,0.3950617283950617,0.5663716814159292,Erdos-Renyi,0.05,3,32,PCMCI,107.70719575881958
19,37,13,0.59375,0.5441176470588235,0.3392857142857143,0.4318181818181819,Erdos-Renyi,0.05,3,32,Linear Granger,0.05318450927734375
17,9,15,0.53125,0.1323529411764706,0.6538461538461539,0.5862068965517242,Erdos-Renyi,0.1,3,32,oCSE,113.33255171775818
29,48,3,0.90625,0.7058823529411765,0.37662337662337664,0.5321100917431193,Erdos-Renyi,0.1,3,32,PCMCI,117.4143431186676
21,38,11,0.65625,0.5588235294117647,0.3559322033898305,0.46153846153846156,Erdos-Renyi,0.1,3,32,Linear Granger,0.04917311668395996
16,12,16,0.5,0.17647058823529413,0.5714285714285714,0.5333333333333333,Erdos-Renyi,0.2,3,32,oCSE,125.11087036132812
29,45,3,0.90625,0.6617647058823529,0.3918918918918919,0.5471698113207547,Erdos-Renyi,0.2,3,32,PCMCI,136.82893347740173
24,41,8,0.75,0.6029411764705882,0.36923076923076925,0.4948453608247423,Erdos-Renyi,0.2,3,32,Linear Granger,0.047962188720703125
17,7,15,0.53125,0.10294117647058823,0.7083333333333334,0.6071428571428571,Erdos-Renyi,0.3,3,32,oCSE,130.56920671463013
28,48,4,0.875,0.7058823529411765,0.3684210526315789,0.5185185185185185,Erdos-Renyi,0.3,3,32,PCMCI,150.02815413475037
24,44,8,0.75,0.6470588235294118,0.35294117647058826,0.48,Erdos-Renyi,0.3,3,32,Linear Granger,0.050551414489746094
19,11,13,0.59375,0.16176470588235295,0.6333333333333333,0.6129032258064516,Erdos-Renyi,0.5,3,32,oCSE,136.8404622077942
32,49,0,1.0,0.7205882352941176,0.3950617283950617,0.5663716814159292,Erdos-Renyi,0.5,3,32,PCMCI,184.1488106250763
27,46,5,0.84375,0.6764705882352942,0.3698630136986301,0.5142857142857142,Erdos-Renyi,0.5,3,32,Linear Granger,0.05032753944396973
20,16,0,1.0,0.2,0.5555555555555556,0.7142857142857143,Erdos-Renyi,0.01,4,20,oCSE,107.70110654830933
20,48,0,1.0,0.6,0.29411764705882354,0.45454545454545453,Erdos-Renyi,0.01,4,20,PCMCI,64.68738603591919
9,7,11,0.45,0.0875,0.5625,0.5,Erdos-Renyi,0.01,4,20,Linear Granger,0.04977560043334961
17,11,3,0.85,0.1375,0.6071428571428571,0.7083333333333333,Erdos-Renyi,0.025,4,20,oCSE,111.97773575782776
19,54,1,0.95,0.675,0.2602739726027397,0.40860215053763443,Erdos-Renyi,0.025,4,20,PCMCI,69.99147295951843
9,11,11,0.45,0.1375,0.45,0.45,Erdos-Renyi,0.025,4,20,Linear Granger,0.05205559730529785
18,14,2,0.9,0.175,0.5625,0.6923076923076923,Erdos-Renyi,0.05,4,20,oCSE,115.86745357513428
18,52,2,0.9,0.65,0.2571428571428571,0.39999999999999997,Erdos-Renyi,0.05,4,20,PCMCI,77.48186707496643
9,13,11,0.45,0.1625,0.4090909090909091,0.4285714285714286,Erdos-Renyi,0.05,4,20,Linear Granger,0.04862689971923828
12,15,8,0.6,0.1875,0.4444444444444444,0.5106382978723405,Erdos-Renyi,0.1,4,20,oCSE,120.8640604019165
19,45,1,0.95,0.5625,0.296875,0.45238095238095244,Erdos-Renyi,0.1,4,20,PCMCI,85.43871521949768
9,15,11,0.45,0.1875,0.375,0.4090909090909091,Erdos-Renyi,0.1,4,20,Linear Granger,0.05065512657165527
12,20,8,0.6,0.25,0.375,0.4615384615384615,Erdos-Renyi,0.2,4,20,oCSE,128.8345766067505
19,47,1,0.95,0.5875,0.2878787878787879,0.44186046511627913,Erdos-Renyi,0.2,4,20,PCMCI,103.23128032684326
10,24,10,0.5,0.3,0.29411764705882354,0.37037037037037035,Erdos-Renyi,0.2,4,20,Linear Granger,0.05063271522521973
12,20,8,0.6,0.25,0.375,0.4615384615384615,Erdos-Renyi,0.3,4,20,oCSE,127.33638858795166
20,46,0,1.0,0.575,0.30303030303030304,0.4651162790697675,Erdos-Renyi,0.3,4,20,PCMCI,115.97286486625671
13,34,7,0.65,0.425,0.2765957446808511,0.3880597014925373,Erdos-Renyi,0.3,4,20,Linear Granger,0.048438310623168945
13,20,7,0.65,0.25,0.3939393939393939,0.490566037735849,Erdos-Renyi,0.5,4,20,oCSE,128.42835569381714
18,46,2,0.9,0.575,0.28125,0.4285714285714286,Erdos-Renyi,0.5,4,20,PCMCI,147.47774624824524
15,45,5,0.75,0.5625,0.25,0.375,Erdos-Renyi,0.5,4,20,Linear Granger,0.04682564735412598
