Topology,Trial,Source,Target,True_Edge,oCSE_pvalue,PCMCI_pvalue,Granger_pvalue
Hub,0,0,1,1,1.0,7.160836481185588e-10,0.05991382877390705
Hub,0,0,2,1,1.0,7.222297906007894e-29,4.110870608053929e-05
Hub,0,0,3,1,0.0,5.1720568530496295e-39,4.973799150320701e-14
Hub,0,0,4,0,1.0,1.0948585940988856e-167,0.020119906836252532
Hub,0,0,5,1,0.0,1.1664937533394188e-09,0.0053835036711917805
Hub,0,0,6,0,1.0,5.0902720850772865e-09,0.39448908000504157
Hub,0,0,7,1,0.0,1.2594548650206082e-35,0.09021698684731116
Hub,0,0,8,0,1.0,1.9722355619333063e-23,1.1102230246251565e-16
Hub,0,0,9,1,1.0,1.0182795858987789e-80,0.0284867182628864
Hub,0,1,0,1,1.0,0.4478931998524325,1.1102230246251565e-16
Hub,0,1,2,0,0.0,3.443504615681821e-52,0.018573738949635654
Hub,0,1,3,1,1.0,3.06290177761469e-85,2.9020769429899396e-05
Hub,0,1,4,1,0.0,1.0631633208584708e-22,0.12124710833764551
Hub,0,1,5,0,1.0,1.5194883549330204e-19,0.032827276585886245
Hub,0,1,6,1,0.0,9.76768892201978e-33,0.029957130067857385
Hub,0,1,7,1,1.0,3.502234259020832e-24,1.1102230246251565e-16
Hub,0,1,8,1,1.0,6.246135653133889e-12,3.845007645608689e-10
Hub,0,1,9,0,1.0,2.254585775481543e-23,0.44668718114482053
Hub,0,2,0,1,1.0,6.981032055766957e-16,0.13917656018005342
Hub,0,2,1,0,1.0,1.5946367548805396e-14,0.03420345878836728
Hub,0,2,3,0,1.0,1.2055633321412876e-05,0.0043941921535247674
Hub,0,2,4,1,1.0,9.08146697159075e-49,0.0005471892337499673
Hub,0,2,5,0,1.0,0.552777842332983,0.0025212876434178577
Hub,0,2,6,0,1.0,0.0441675688925424,0.025160862029856013
Hub,0,2,7,0,1.0,2.3105453731213676e-05,0.03793128066720264
Hub,0,2,8,0,0.25,7.030650929785147e-23,0.15693718573410664
Hub,0,2,9,0,1.0,0.8088132626729051,0.011126163739750172
Hub,0,3,0,1,1.0,0.6114142020020044,0.39770649722228
Hub,0,3,1,1,0.46,0.9080776343927182,0.2945904932939294
Hub,0,3,2,0,1.0,0.08208678008011969,0.00010418177538140672
Hub,0,3,4,0,1.0,3.356667691435013e-151,0.00022310378480949744
Hub,0,3,5,0,1.0,0.0001424394097941732,0.00020944606782336006
Hub,0,3,6,0,1.0,2.258623027145614e-21,0.0162131947537264
Hub,0,3,7,0,1.0,0.01023925118639029,0.104325640294617
Hub,0,3,8,1,0.0,2.2918718545584964e-73,0.008108104232962154
Hub,0,3,9,0,1.0,5.3534383316912745e-12,0.0017486238526773779
Hub,0,4,0,0,1.0,4.1814888878442387e-16,0.0022377281745596944
Hub,0,4,1,1,1.0,2.719901899945737e-35,3.608612393146693e-05
Hub,0,4,2,1,0.0,4.395756819205078e-188,0.8354676222322398
Hub,0,4,3,0,1.0,0.804630550454988,0.8447534924450644
Hub,0,4,5,1,1.0,8.773987567098139e-20,1.1102230246251565e-16
Hub,0,4,6,1,0.0,4.4031530828827544e-63,5.50046119762726e-09
Hub,0,4,7,0,1.0,4.1681679157745874e-13,0.00717564166503637
Hub,0,4,8,0,1.0,0.9006963631316891,0.9281468277284222
Hub,0,4,9,0,1.0,1.4863421518079488e-84,1.0657624882615124e-07
Hub,0,5,0,1,0.0,0.014067676134391804,0.010953269262640841
Hub,0,5,1,0,1.0,0.028665901014678245,0.0013583460752514265
Hub,0,5,2,0,1.0,1.3217917539215548e-185,0.9774172063486687
Hub,0,5,3,0,1.0,0.5850767007221263,0.5283958638398262
Hub,0,5,4,1,0.0,0.11233085058514157,1.1102230246251565e-16
Hub,0,5,6,0,1.0,4.005713874213703e-49,2.377429112687679e-06
Hub,0,5,7,0,1.0,1.5702324212955293e-41,0.05632672603172806
Hub,0,5,8,0,1.0,0.11178680686261326,0.7174236876795828
Hub,0,5,9,0,1.0,7.215812044679583e-30,1.3590142752817336e-05
Hub,0,6,0,0,1.0,0.006193359444069405,1.5720758028692217e-13
Hub,0,6,1,1,1.0,0.11201703141793498,1.1102230246251565e-16
Hub,0,6,2,0,1.0,1.5830579122878816e-83,0.3833502980913316
Hub,0,6,3,0,1.0,1.4829371045396853e-25,0.0037951570680637703
Hub,0,6,4,1,1.0,1.0663587476508154e-21,0.3948212476332946
Hub,0,6,5,0,1.0,5.1494627241737766e-08,0.1220461583082626
Hub,0,6,7,0,1.0,1.7247926707935113e-29,1.1102230246251565e-16
Hub,0,6,8,0,1.0,7.472236718496157e-13,2.0676783776263363e-05
Hub,0,6,9,1,1.0,1.3142188113589547e-40,0.5105084064932344
Hub,0,7,0,1,0.0,0.9517223659779714,1.1102230246251565e-16
Hub,0,7,1,1,0.0,1.525763926159085e-05,1.446908148849957e-10
Hub,0,7,2,0,1.0,5.4903204544275915e-14,0.005444983069197384
Hub,0,7,3,0,1.0,5.644357825466168e-29,2.1385672177576254e-07
Hub,0,7,4,0,1.0,3.206655358571006e-27,0.23351182982705787
Hub,0,7,5,0,1.0,7.571415156958708e-05,0.06217060918594186
Hub,0,7,6,0,1.0,8.259917736123554e-07,0.3187918644706691
Hub,0,7,8,0,1.0,3.258543125377185e-08,4.9960036108132044e-15
Hub,0,7,9,0,1.0,2.4536576603329416e-14,0.23124717483068025
Hub,0,8,0,0,1.0,0.9108497092547247,0.770981622141729
Hub,0,8,1,1,1.0,0.9278341610275392,0.833880111749751
Hub,0,8,2,0,1.0,1.5411727884899674e-18,4.514001112831956e-05
Hub,0,8,3,1,1.0,0.5396287365070813,1.1102230246251565e-16
Hub,0,8,4,0,1.0,0.09184858143095617,0.004452766915022943
Hub,0,8,5,0,1.0,5.901966320905886e-05,0.0015976716575990535
Hub,0,8,6,0,0.08,6.252569726204999e-18,0.13386005683770041
Hub,0,8,7,0,1.0,5.4150305327723455e-21,0.4742306327993293
Hub,0,8,9,0,1.0,0.2509272072815617,0.012029835732652483
Hub,0,9,0,1,1.0,0.47573528381074615,1.95411942183199e-09
Hub,0,9,1,0,1.0,0.004692930752962381,1.1102230246251565e-16
Hub,0,9,2,0,1.0,1.335648822512664e-110,0.7404006069729414
Hub,0,9,3,0,1.0,3.083477480228582e-06,0.029636231677377167
Hub,0,9,4,0,0.0,0.7105448425350477,0.6611392008548099
Hub,0,9,5,0,0.0,4.5470521698889844e-15,0.5887703232043131
Hub,0,9,6,1,0.0,1.567984753614159e-35,1.1102230246251565e-16
Hub,0,9,7,0,1.0,0.7238034336699299,1.1102230246251565e-16
Hub,0,9,8,0,1.0,5.805765820621351e-25,0.0013937348182452292
Hub,1,0,1,1,1.0,2.5426220497501746e-290,0.728657173858315
Hub,1,0,2,1,0.0,3.374670158719308e-30,1.1102230246251565e-16
Hub,1,0,3,1,1.0,8.597969597496867e-26,2.1455193233155256e-07
Hub,1,0,4,1,0.0,2.618394118466507e-29,0.00019943196772831406
Hub,1,0,5,1,0.0,3.422170818536237e-11,1.1102230246251565e-16
Hub,1,0,6,1,0.0,1.153712154210871e-40,0.16684031274487288
Hub,1,0,7,0,1.0,1.4739095499288392e-06,3.248257218757544e-11
Hub,1,0,8,0,1.0,2.465555076945132e-09,0.01002439820621237
Hub,1,0,9,0,1.0,3.1670371016026054e-13,1.2684413930319494e-07
Hub,1,1,0,1,1.0,7.699732853984906e-166,0.1047185247326704
Hub,1,1,2,0,1.0,1.963433127758905e-12,0.8940561811097198
Hub,1,1,3,0,1.0,0.28561471016291495,0.4841286442275414
Hub,1,1,4,0,1.0,3.2086562467176627e-22,0.6669696634065004
Hub,1,1,5,0,1.0,0.934555801429561,0.9779441405244328
Hub,1,1,6,0,1.0,8.532695429167838e-05,0.8681019519415077
Hub,1,1,7,0,1.0,0.9943557978025312,0.8788597536625065
Hub,1,1,8,0,1.0,0.5912730541696295,0.30774249254364106
Hub,1,1,9,0,1.0,0.49071502750348606,0.9948521957383023
Hub,1,2,0,1,1.0,7.90109158552682e-05,1.1102230246251565e-16
Hub,1,2,1,0,0.0,0.0,0.5244601429489781
Hub,1,2,3,1,0.0,9.990192650760564e-16,1.1934897514720433e-13
Hub,1,2,4,0,1.0,2.4157512767966525e-36,9.101328324323532e-08
Hub,1,2,5,1,0.0,6.792299785047281e-05,1.1102230246251565e-16
Hub,1,2,6,1,0.16,4.647377748728873e-14,0.41982380963933785
Hub,1,2,7,1,1.0,6.8173203512723755e-12,1.1102230246251565e-16
Hub,1,2,8,1,0.26,4.3759101487654324e-15,0.0005670507685875403
Hub,1,2,9,0,1.0,9.94380276210933e-26,1.1102230246251565e-16
Hub,1,3,0,1,1.0,3.578409148598934e-108,5.0753448110896215e-09
Hub,1,3,1,0,1.0,2.997712486157201e-253,0.12861719113826142
Hub,1,3,2,1,1.0,2.0245725522688443e-17,1.3105498408716443e-07
Hub,1,3,4,1,0.01,1.0421763340153681e-36,7.66053886991358e-15
Hub,1,3,5,0,1.0,6.0905561896082535e-06,3.0105202094898864e-05
Hub,1,3,6,0,1.0,3.387217326329194e-10,0.9918413404939741
Hub,1,3,7,1,1.0,7.214189495927742e-16,1.1102230246251565e-16
Hub,1,3,8,0,1.0,3.837329249002131e-12,1.1102230246251565e-16
Hub,1,3,9,1,0.0,4.761835336263569e-27,4.431598998877462e-08
Hub,1,4,0,1,1.0,1.3139213671310809e-165,1.364053314745206e-11
Hub,1,4,1,0,0.03,0.0,0.4103591795362306
Hub,1,4,2,0,1.0,2.980233376445433e-08,5.486743281934992e-10
Hub,1,4,3,1,1.0,3.446706588077375e-14,1.1102230246251565e-16
Hub,1,4,5,0,1.0,0.0007460006630448996,1.1574440559325438e-06
Hub,1,4,6,0,1.0,0.00899114823616897,0.8984245828197358
Hub,1,4,7,0,1.0,4.391084181058503e-08,1.1102230246251565e-16
Hub,1,4,8,0,1.0,2.512402839518027e-07,1.3028689238581137e-11
Hub,1,4,9,0,1.0,1.9483759337890066e-14,1.8623991238087e-12
Hub,1,5,0,1,1.0,0.00030340311036889403,1.1102230246251565e-16
Hub,1,5,1,0,0.065,0.03197010518842388,0.7398129467874396
Hub,1,5,2,1,1.0,2.9272387648378313e-24,1.1102230246251565e-16
Hub,1,5,3,0,1.0,0.9937626590050235,1.8051814165698232e-06
Hub,1,5,4,0,1.0,7.487801258093962e-18,0.0007383494086840026
Hub,1,5,6,0,1.0,0.05924060614179732,0.1435431727628882
Hub,1,5,7,0,1.0,3.9899696119939915e-05,1.6628514121208582e-09
Hub,1,5,8,0,1.0,0.9323601693051431,0.020336181446796497
Hub,1,5,9,0,1.0,3.2688719772002536e-15,1.0251500935920532e-06
Hub,1,6,0,1,1.0,0.0010918828048915056,1.7763568394002505e-15
Hub,1,6,1,0,1.0,0.955811079931973,0.6456680050322572
Hub,1,6,2,1,1.0,2.854682471408622e-24,7.893812593717797e-05
Hub,1,6,3,0,1.0,4.315869196530862e-15,0.04241296128272176
Hub,1,6,4,0,1.0,3.2177506574690707e-14,0.08279711721607375
Hub,1,6,5,0,1.0,0.9299474891106843,8.203437928955282e-13
Hub,1,6,7,0,1.0,0.9842735339446946,0.006143351223186877
Hub,1,6,8,1,0.0,2.450039341016398e-13,0.270724906746055
Hub,1,6,9,0,1.0,2.00544403707944e-23,0.02204377507083133
Hub,1,7,0,0,1.0,1.8137041022711183e-143,2.4424906541753444e-14
Hub,1,7,1,0,1.0,0.0,0.34703844182288257
Hub,1,7,2,1,1.0,2.4550283748904758e-09,7.719380690218713e-13
Hub,1,7,3,1,1.0,3.3834048373058527e-09,1.1102230246251565e-16
Hub,1,7,4,0,1.0,5.462777921597218e-14,1.0547118733938987e-14
Hub,1,7,5,0,1.0,0.006609695550504314,7.945956603805371e-08
Hub,1,7,6,0,1.0,2.4414897891620746e-06,0.8169558009392766
Hub,1,7,8,0,1.0,0.00111190866120771,8.04824518141345e-09
Hub,1,7,9,0,1.0,1.0054165798770962e-22,1.1102230246251565e-16
Hub,1,8,0,0,1.0,1.4749690910854087e-143,7.4055325779420755e-06
Hub,1,8,1,0,0.24,0.0,0.18874648548635475
Hub,1,8,2,1,0.0,1.5805293023982454e-07,6.734269215902255e-05
Hub,1,8,3,0,1.0,0.9937212335864958,1.1102230246251565e-16
Hub,1,8,4,0,1.0,1.9612643117636974e-22,1.2061953005848558e-05
Hub,1,8,5,0,1.0,0.0037495826438578407,0.001374787949962597
Hub,1,8,6,1,0.025,0.960818485283976,0.8367364543272495
Hub,1,8,7,0,1.0,1.2505650319763764e-11,1.1102230246251565e-16
Hub,1,8,9,1,1.0,3.088082547874791e-21,0.00011062760879798628
Hub,1,9,0,0,1.0,1.5681393106795717e-08,1.1102230246251565e-16
Hub,1,9,1,0,1.0,0.0,0.46256220440587803
Hub,1,9,2,0,1.0,0.9925222732357449,1.1102230246251565e-16
Hub,1,9,3,1,1.0,1.7827002760054457e-05,1.1102230246251565e-16
Hub,1,9,4,0,1.0,1.8067997308443118e-13,1.1102230246251565e-16
Hub,1,9,5,0,1.0,0.0005330304991507743,1.5897494431982295e-10
Hub,1,9,6,0,1.0,0.9299318959652141,0.6569104317723082
Hub,1,9,7,0,1.0,0.12364809497888155,1.1102230246251565e-16
Hub,1,9,8,1,0.0,1.895555997758399e-22,1.8937221351045253e-06
Hub,2,0,1,1,0.0,9.265437351191433e-119,0.0001615626452232677
Hub,2,0,2,1,0.0,7.989438416603502e-226,0.0005544217999522427
Hub,2,0,3,1,0.0,3.4643995986832606e-44,0.7520641166992968
Hub,2,0,4,0,1.0,2.5471754931829222e-14,9.369634323963538e-08
Hub,2,0,5,1,1.0,0.0,4.840906320913163e-05
Hub,2,0,6,0,0.0,0.02457210584587368,0.20537146514708438
Hub,2,0,7,0,1.0,3.1886720716683226e-09,0.7845138957067157
Hub,2,0,8,1,0.0,1.7331875785603705e-08,0.19992721176038752
Hub,2,0,9,0,1.0,8.80555098413652e-57,0.7936561166345686
Hub,2,1,0,1,0.0,1.2935569402360482e-56,2.220446049250313e-16
Hub,2,1,2,0,1.0,1.8285196026278928e-38,0.7493334197920287
Hub,2,1,3,1,0.0,1.6975573647260744e-43,1.1102230246251565e-16
Hub,2,1,4,1,0.0,1.7798348763143273e-202,3.840130651810991e-05
Hub,2,1,5,0,1.0,3.0493658020076903e-37,0.927203980262175
Hub,2,1,6,1,1.0,8.345493966300667e-212,0.005964198261545817
Hub,2,1,7,0,0.0,5.130509940871654e-66,0.3674373909638311
Hub,2,1,8,0,1.0,7.193808172336254e-07,0.5552130865585689
Hub,2,1,9,0,1.0,7.284582904948282e-63,0.009256506844588341
Hub,2,2,0,1,1.0,1.4886733698471366e-18,0.13508749256170705
Hub,2,2,1,0,1.0,3.575951718539069e-18,0.0060928227194213536
Hub,2,2,3,0,1.0,3.153035927141176e-27,0.001077295416376467
Hub,2,2,4,0,1.0,2.85533644246265e-41,0.03656530568173566
Hub,2,2,5,1,0.0,2.61723693082297e-20,1.1102230246251565e-16
Hub,2,2,6,0,1.0,6.705685406182373e-20,0.9224051323847104
Hub,2,2,7,0,1.0,7.878233618013667e-08,0.6287438985969727
Hub,2,2,8,0,0.0,1.0872921501697757e-06,0.42913889442114805
Hub,2,2,9,0,1.0,2.165619417156085e-22,0.4672015272728135
Hub,2,3,0,1,1.0,2.10129874744102e-06,1.1102230246251565e-16
Hub,2,3,1,1,1.0,0.0005090490018522848,3.385971626190809e-06
Hub,2,3,2,0,1.0,2.162255913673442e-85,0.16428885156248774
Hub,2,3,4,1,0.0,3.2928859875427464e-145,6.156120058165016e-11
Hub,2,3,5,0,1.0,2.4403668155904527e-244,0.31401698663924515
Hub,2,3,6,1,0.0,0.7131009032134625,0.010826393139381052
Hub,2,3,7,1,0.0,1.0966803810666733e-49,0.2798166656030392
Hub,2,3,8,0,0.025,2.9299645334417204e-83,0.31493437034912497
Hub,2,3,9,0,1.0,9.59359504133625e-53,0.5536465396319004
Hub,2,4,0,0,1.0,1.224794420422302e-47,2.489036660557886e-06
Hub,2,4,1,1,0.0,1.0191211521004478e-11,1.1102230246251565e-16
Hub,2,4,2,0,0.055,0.022746364316542252,0.35458285532230005
Hub,2,4,3,1,0.0,1.2130914480129246e-52,1.1102230246251565e-16
Hub,2,4,5,0,0.28,3.8289190419580744e-88,0.17107523781509393
Hub,2,4,6,0,1.0,2.0496383630525357e-144,0.05416013359272143
Hub,2,4,7,0,1.0,0.12080352483775951,0.02537969508464999
Hub,2,4,8,0,1.0,0.0009265780693402815,0.0305229548725513
Hub,2,4,9,0,0.19,3.324123071479003e-39,0.10358204943128047
Hub,2,5,0,1,0.0,1.8498402739881756e-34,0.17434940140791755
Hub,2,5,1,0,1.0,7.544717375748727e-21,0.001965104977357024
Hub,2,5,2,1,0.0,1.0790043231624101e-18,1.1102230246251565e-16
Hub,2,5,3,0,1.0,8.892161795643658e-20,0.0038954316455493965
Hub,2,5,4,0,1.0,3.467606480935845e-73,0.034299366450685875
Hub,2,5,6,0,1.0,2.6556749650881126e-12,0.5937434525813083
Hub,2,5,7,0,1.0,0.013752787591104767,0.6043301873792343
Hub,2,5,8,0,1.0,0.12059241908642987,0.8109503076261437
Hub,2,5,9,0,1.0,6.514903020809956e-23,0.41859951810057827
Hub,2,6,0,0,1.0,0.0036066184613833237,0.15432148640654186
Hub,2,6,1,1,0.0,9.291914820855944e-45,0.0001294053136180473
Hub,2,6,2,0,1.0,0.7556716391735785,0.6013676983707528
Hub,2,6,3,1,0.0,9.431138216286242e-29,0.17762450981900468
Hub,2,6,4,0,1.0,3.21800367116321e-08,2.7391764977346966e-05
Hub,2,6,5,0,1.0,1.2895309118982227e-08,0.23491078670577736
Hub,2,6,7,1,0.0,2.5401694046216897e-54,1.1102230246251565e-16
Hub,2,6,8,0,1.0,0.001500742453180234,1.1102230246251565e-16
Hub,2,6,9,0,1.0,7.311088309400034e-60,1.1102230246251565e-16
Hub,2,7,0,0,1.0,3.680623209913495e-12,0.11707206529526881
Hub,2,7,1,0,0.0,7.035675169380005e-09,0.002845712732697181
Hub,2,7,2,0,1.0,0.0006547918657788292,0.8792098612798236
Hub,2,7,3,1,0.005,0.6288496023266592,0.09644027602251626
Hub,2,7,4,0,1.0,3.956479034760354e-05,0.05044846581653273
Hub,2,7,5,0,1.0,0.38490049996565245,0.537597763085107
Hub,2,7,6,1,0.0,0.008245485431677352,3.082918236607668e-05
Hub,2,7,8,1,0.0,0.021583901151809987,1.1102230246251565e-16
Hub,2,7,9,1,0.0,1.0421463395937659e-106,1.1102230246251565e-16
Hub,2,8,0,1,1.0,1.3502484667512594e-05,0.12833171466069282
Hub,2,8,1,0,1.0,1.1906936151141978e-07,0.12355685754266543
Hub,2,8,2,0,1.0,0.1690369896199847,0.5715019026953998
Hub,2,8,3,0,0.005,0.000272747012384505,0.304766685895861
Hub,2,8,4,0,1.0,8.028295339561566e-05,0.5370949525050261
Hub,2,8,5,0,1.0,9.931979589540588e-13,0.1689343159259249
Hub,2,8,6,0,1.0,8.663092830882687e-18,0.22324328986569908
Hub,2,8,7,1,0.0,3.123551055125766e-19,0.021789369599018005
Hub,2,8,9,1,1.0,1.3635910511449545e-81,0.04474315213711155
Hub,2,9,0,0,1.0,1.2758878578066339e-12,0.05409273755216493
Hub,2,9,1,0,1.0,6.990012053426714e-14,0.4587816171591632
Hub,2,9,2,0,1.0,0.00022559838329766263,0.9009484357587236
Hub,2,9,3,0,0.0,3.470879828322799e-07,0.33548994981525515
Hub,2,9,4,0,0.0,0.024791587870957973,0.13902420264478244
Hub,2,9,5,0,1.0,2.932464915489473e-10,0.5890562390383367
Hub,2,9,6,0,1.0,0.7309875875674701,0.003225804060686621
Hub,2,9,7,1,1.0,0.3857917028800302,5.845673410886931e-07
Hub,2,9,8,1,0.0,0.32306191469276824,1.1102230246251565e-16
Hub,3,0,1,1,0.085,0.0050487932148537,0.007587881796278895
Hub,3,0,2,1,1.0,2.811856077038563e-84,9.977330949539898e-06
Hub,3,0,3,1,1.0,5.089494634212936e-37,0.04921816014466007
Hub,3,0,4,1,1.0,8.355162076691762e-271,0.1841973967240934
Hub,3,0,5,1,1.0,9.741127902106182e-22,0.034072366814602906
Hub,3,0,6,1,1.0,3.5286471580284715e-10,0.0008019260662253114
Hub,3,0,7,0,1.0,6.209049939122316e-07,0.5331824354691217
Hub,3,0,8,1,0.0,2.885729938350716e-44,1.1102230246251565e-16
Hub,3,0,9,0,1.0,5.758923741712686e-06,0.23001807693927023
Hub,3,1,0,1,0.0,4.097989048461089e-30,4.411461662634508e-07
Hub,3,1,2,0,1.0,6.984030004841161e-39,0.03270480787137464
Hub,3,1,3,0,1.0,1.3142371186367922e-06,1.1102230246251565e-16
Hub,3,1,4,0,1.0,1.9627235904979194e-38,0.007591518101377592
Hub,3,1,5,0,1.0,0.9258777752670424,1.1102230246251565e-16
Hub,3,1,6,0,1.0,0.595903731309732,0.029103392596681488
Hub,3,1,7,0,1.0,1.1241358600821638e-07,0.00015217418271018524
Hub,3,1,8,0,0.235,5.281907518734645e-13,5.250154681446517e-06
Hub,3,1,9,0,1.0,5.2415142770950395e-05,0.0008330965608612795
Hub,3,2,0,1,0.0,7.85296674642461e-18,0.004868557612118685
Hub,3,2,1,0,1.0,0.17334900304507664,8.97807835265052e-06
Hub,3,2,3,1,0.0,0.002074943025000493,4.747756041090234e-05
Hub,3,2,4,1,0.035,1.5574520411256688e-27,0.28438381945166447
Hub,3,2,5,0,1.0,0.07568154535853304,8.649538419169822e-06
Hub,3,2,6,1,0.0,7.385236086495647e-71,1.1102230246251565e-16
Hub,3,2,7,1,0.0,2.8461115889988563e-51,1.3322676295501878e-15
Hub,3,2,8,0,1.0,1.0604052190054838e-08,0.01576279203817721
Hub,3,2,9,1,0.0,4.276786947487179e-18,1.1102230246251565e-16
Hub,3,3,0,1,1.0,2.574604052795531e-12,1.1102230246251565e-16
Hub,3,3,1,0,1.0,0.5276311935751854,0.5065601955494435
Hub,3,3,2,1,0.065,0.0007206444304688915,0.6974911578071628
Hub,3,3,4,0,1.0,9.23901392479451e-167,0.008271681811472198
Hub,3,3,5,1,0.0,2.825040494071529e-08,0.49706119182394826
Hub,3,3,6,0,1.0,8.000512493175222e-30,0.9124572019195397
Hub,3,3,7,0,1.0,5.371095049351213e-07,0.021176910369792856
Hub,3,3,8,1,1.0,1.9504048868529198e-28,1.1102230246251565e-16
Hub,3,3,9,0,1.0,2.6210077695696544e-08,0.08813784457688667
Hub,3,4,0,1,1.0,1.8183218551419666e-272,0.8014258042061181
Hub,3,4,1,0,1.0,1.5745244835098853e-05,0.6087873457957911
Hub,3,4,2,1,0.0,7.567343823873162e-40,0.2522476529386808
Hub,3,4,3,0,1.0,0.0003574281828596651,0.4652045769829263
Hub,3,4,5,0,1.0,0.820728117036071,0.1286111032174725
Hub,3,4,6,0,1.0,1.5854933675312817e-13,0.3243029732327868
Hub,3,4,7,0,1.0,1.097062662824844e-40,0.026637953555334493
Hub,3,4,8,0,1.0,4.1350192638008215e-05,0.4083239686624093
Hub,3,4,9,0,1.0,4.065857970163313e-49,0.3769082146135425
Hub,3,5,0,1,0.005,0.26447395991490075,3.062554432275988e-09
Hub,3,5,1,0,0.015,0.9959379932304494,2.1315725282078368e-05
Hub,3,5,2,0,1.0,5.888230257628918e-22,0.14383804890118024
Hub,3,5,3,1,1.0,3.1607331174149453e-16,1.1102230246251565e-16
Hub,3,5,4,0,1.0,5.278782545778213e-63,0.020379256865989626
Hub,3,5,6,0,0.21,0.012063841007460711,0.10267309896131438
Hub,3,5,7,0,1.0,3.1642530624916295e-07,0.0007296596737584871
Hub,3,5,8,0,1.0,5.06903500874231e-28,7.718729777561606e-08
Hub,3,5,9,0,1.0,1.453967663983318e-14,0.0036563553665568405
Hub,3,6,0,1,0.0,0.363914880721515,0.00044890460575708335
Hub,3,6,1,0,1.0,0.5813397997372127,1.6216768587984376e-06
Hub,3,6,2,1,1.0,1.3504235126395795e-61,7.705356075415892e-08
Hub,3,6,3,0,1.0,0.16418736895081917,1.1321428536659184e-05
Hub,3,6,4,0,0.0,6.795145788423829e-23,0.0796768868109039
Hub,3,6,5,0,1.0,0.2723022472932945,1.32162100530131e-06
Hub,3,6,7,1,0.0,6.276783148200636e-27,1.1102230246251565e-16
Hub,3,6,8,0,0.03,4.060395927440841e-09,0.0016954455602247176
Hub,3,6,9,1,0.0,7.141207046376492e-36,1.1102230246251565e-16
Hub,3,7,0,0,1.0,0.4677860338331008,1.4955817798423254e-05
Hub,3,7,1,0,1.0,0.030917815304559698,3.170840726762769e-06
Hub,3,7,2,1,1.0,5.2363658113712835e-61,0.7481072635973806
Hub,3,7,3,0,1.0,2.6247730430704383e-09,2.4925358239613615e-06
Hub,3,7,4,0,1.0,6.639589702399476e-44,0.0210468513493276
Hub,3,7,5,0,1.0,0.3686439820998816,4.2663813182297616e-07
Hub,3,7,6,1,0.0,3.9837292369692925e-15,0.7566170555861417
Hub,3,7,8,0,1.0,0.3645095948576357,2.5695910411682732e-05
Hub,3,7,9,0,1.0,3.801730031357473e-17,1.1102230246251565e-16
Hub,3,8,0,1,0.0,0.9709323673761063,1.1102230246251565e-16
Hub,3,8,1,0,1.0,0.30603173806614004,0.005541450267813941
Hub,3,8,2,0,1.0,2.2719391979691647e-56,1.4869797766436932e-06
Hub,3,8,3,1,0.0,1.0389567374382875e-19,0.0432732190675037
Hub,3,8,4,0,0.0,0.03537148028165666,0.19932952819049732
Hub,3,8,5,0,0.0,0.9221228068323348,0.02896283238627062
Hub,3,8,6,0,1.0,2.3222887025604183e-21,0.0003372907269904024
Hub,3,8,7,0,1.0,6.619252990546806e-23,0.4403811698960216
Hub,3,8,9,0,1.0,3.685112813124594e-11,0.15995016701023002
Hub,3,9,0,0,1.0,0.7858405562120314,1.6868334752673242e-05
Hub,3,9,1,0,1.0,0.009865774183980054,3.159040041222916e-06
Hub,3,9,2,1,1.0,3.1521078525188228e-21,0.6850995976976322
Hub,3,9,3,0,1.0,0.0010277299718752225,1.8204553358103226e-06
Hub,3,9,4,0,1.0,4.2366526156654166e-10,0.010357089783526896
Hub,3,9,5,0,1.0,0.19317977651382034,5.880642922617696e-07
Hub,3,9,6,1,1.0,0.9827497216831969,0.8399190067856199
Hub,3,9,7,0,1.0,2.7749505312369932e-15,1.1102230246251565e-16
Hub,3,9,8,0,1.0,0.9343414261830238,2.6458722757416453e-05
Hub,4,0,1,1,0.0,5.995251081059941e-82,0.9714825243746346
Hub,4,0,2,1,1.0,0.18000669362100497,0.0010556722047896372
Hub,4,0,3,0,1.0,0.4156832695838938,0.8789502166083816
Hub,4,0,4,0,1.0,0.01723217682339234,0.10303860077867433
Hub,4,0,5,0,1.0,0.9572981897845123,0.035607275660166415
Hub,4,0,6,0,1.0,0.653465896955509,0.3305381540956397
Hub,4,0,7,0,1.0,2.4567133134023187e-06,0.15788197453674657
Hub,4,0,8,0,1.0,0.9793057828665768,0.007931816897485011
Hub,4,0,9,0,1.0,1.4634299853096357e-65,0.0007322895346585367
Hub,4,1,0,1,1.0,4.578560246064049e-44,0.9697277066153439
Hub,4,1,2,0,1.0,3.0329764027171444e-22,0.5822761135424124
Hub,4,1,3,1,1.0,0.3693000632598087,1.1102230246251565e-16
Hub,4,1,4,1,1.0,4.185405655909858e-46,1.1433006541494706e-08
Hub,4,1,5,0,1.0,0.003555698296971919,0.03850766948321238
Hub,4,1,6,0,1.0,0.9889284499128899,1.1102230246251565e-16
Hub,4,1,7,1,0.0,3.2407460209997926e-38,2.3066637804269874e-06
Hub,4,1,8,0,1.0,1.4410797769051962e-31,9.97136239592189e-05
Hub,4,1,9,0,1.0,0.0004720883309641916,0.008408466022683747
Hub,4,2,0,1,1.0,5.681294995013555e-95,1.1102230246251565e-16
Hub,4,2,1,0,0.0,3.3692467921982473e-158,0.2765759997681132
Hub,4,2,3,1,1.0,2.0676397037038603e-41,0.857465065304898
Hub,4,2,4,0,1.0,0.06573638504095784,0.017664909791435424
Hub,4,2,5,0,1.0,1.386086336094429e-10,0.0011513731924663873
Hub,4,2,6,0,1.0,0.004727754164125484,0.853444283325429
Hub,4,2,7,0,1.0,6.787290660290445e-08,0.26652340790334184
Hub,4,2,8,0,1.0,7.013419027209246e-21,0.014613105381478975
Hub,4,2,9,1,0.0,2.5603084227610287e-107,0.020496401577193457
Hub,4,3,0,0,0.0,1.9724376981182715e-60,0.11238963099239041
Hub,4,3,1,1,1.0,3.830849919860491e-114,0.04041152391263869
Hub,4,3,2,1,0.0,1.4945824094969986e-102,0.9333751696220804
Hub,4,3,4,1,0.0,3.0374992795909465e-120,0.007163813904686123
Hub,4,3,5,1,0.0,1.0862622147545626e-36,6.429451939005126e-05
Hub,4,3,6,1,0.0,7.039436942639152e-16,1.1102230246251565e-16
Hub,4,3,7,1,1.0,1.8846922774943991e-16,2.332486059852812e-08
Hub,4,3,8,1,0.0,6.7928135277166e-31,1.4171037807653164e-06
Hub,4,3,9,1,1.0,2.3117429266073982e-14,0.0001385624195611168
Hub,4,4,0,0,1.0,2.0882233869059418e-97,0.7096607089198241
Hub,4,4,1,1,1.0,2.3296672166335468e-20,1.1102230246251565e-16
Hub,4,4,2,0,0.045,1.8282683967182742e-37,0.8243583032976282
Hub,4,4,3,1,0.155,1.4126818124408716e-57,1.1102230246251565e-16
Hub,4,4,5,1,0.0,3.7868224738688056e-36,0.025089213762026108
Hub,4,4,6,1,1.0,2.6998274700667325e-05,1.1102230246251565e-16
Hub,4,4,7,0,0.02,0.663162318731338,1.964710605673048e-05
Hub,4,4,8,1,0.0,5.402845794701469e-30,0.0006176926295979879
Hub,4,4,9,0,1.0,0.21602775766159985,0.018075502001062782
Hub,4,5,0,0,1.0,1.7053023806426878e-84,0.6346510804158473
Hub,4,5,1,0,1.0,4.3798180725353945e-23,1.1102230246251565e-16
Hub,4,5,2,0,1.0,4.656745151740776e-131,0.3996248263783072
Hub,4,5,3,1,1.0,1.5356356822634423e-09,1.1102230246251565e-16
Hub,4,5,4,1,1.0,1.0668649941583447e-06,1.1102230246251565e-16
Hub,4,5,6,0,1.0,0.0008721661306622547,2.7977620220553945e-14
Hub,4,5,7,0,1.0,1.0999747342818493e-07,0.00048161359742415755
Hub,4,5,8,0,1.0,1.2879866464601575e-17,0.013798631013216656
Hub,4,5,9,0,1.0,0.0002661235833418197,0.12264356837364732
Hub,4,6,0,0,1.0,4.825306323784329e-14,0.5873922215188012
Hub,4,6,1,0,1.0,1.1920388005379027e-06,0.0007988959374171101
Hub,4,6,2,0,1.0,6.86031835033108e-74,0.9629280904950893
Hub,4,6,3,1,1.0,0.80057603028384,0.2688102764759547
Hub,4,6,4,1,1.0,1.9194141790792035e-16,8.692736708348914e-05
Hub,4,6,5,0,1.0,6.136037544424018e-15,8.643290572152296e-07
Hub,4,6,7,0,1.0,0.11494696405723569,4.916659301912318e-10
Hub,4,6,8,0,1.0,7.913515264911896e-16,1.9918589333478565e-08
Hub,4,6,9,0,0.0,5.691888427210903e-06,0.0006743296276097155
Hub,4,7,0,0,1.0,1.505055949109854e-125,0.19610641291218567
Hub,4,7,1,1,0.0,3.846100477755254e-12,1.5543122344752192e-15
Hub,4,7,2,0,0.0,5.720677549344859e-44,0.0818116071166225
Hub,4,7,3,1,0.0,0.0019134199043784816,1.2433889544638532e-06
Hub,4,7,4,0,1.0,0.8288881763622702,1.1102230246251565e-16
Hub,4,7,5,0,1.0,0.023148688137441673,1.1102230246251565e-16
Hub,4,7,6,0,1.0,0.025926185287697485,0.013838298404233118
Hub,4,7,8,0,1.0,0.00034076126537190406,1.1102230246251565e-16
Hub,4,7,9,0,0.0,0.9082991564224392,0.482471954980471
Hub,4,8,0,0,1.0,1.7033538171543658e-79,0.692009539680362
Hub,4,8,1,0,1.0,8.840824597972645e-29,1.1102230246251565e-16
Hub,4,8,2,0,1.0,1.0639024904870412e-30,0.7539960775468295
Hub,4,8,3,1,0.06,1.4688585700529435e-05,2.3314683517128287e-15
Hub,4,8,4,1,1.0,0.11012385640872568,1.1102230246251565e-16
Hub,4,8,5,0,1.0,6.01016256019496e-07,1.1102230246251565e-16
Hub,4,8,6,0,1.0,0.3616248490000842,7.742287990719632e-07
Hub,4,8,7,0,1.0,0.34114788239219485,0.015393791903393628
Hub,4,8,9,0,1.0,0.927917788542354,0.42774860478487997
Hub,4,9,0,0,1.0,7.460097345180528e-50,0.09724388973550102
Hub,4,9,1,0,1.0,6.323072641483387e-14,0.00793237295715965
Hub,4,9,2,1,0.0,3.329298136025887e-32,0.299451261432533
Hub,4,9,3,1,1.0,5.754773444193388e-42,0.17612022058821086
Hub,4,9,4,0,1.0,4.1249549857440106e-09,0.009430612002990113
Hub,4,9,5,0,1.0,8.44921847237137e-06,0.00038314139457296115
Hub,4,9,6,0,1.0,2.6749356715889e-25,0.3912308409968539
Hub,4,9,7,0,1.0,0.0051191964756885505,0.010881776303114044
Hub,4,9,8,0,1.0,1.3964510121440048e-11,0.00011583711454232759
Small-World,0,0,1,1,0.0,1.2899245946279002e-46,0.39190822738678466
Small-World,0,0,2,1,1.0,2.1410030021862468e-16,1.1102230246251565e-16
Small-World,0,0,3,1,1.0,3.306415470746055e-48,1.1102230246251565e-16
Small-World,0,0,4,0,0.2,2.1077608780244335e-18,0.31018289669904575
Small-World,0,0,5,1,1.0,2.3657114189567927e-39,0.020583813893063962
Small-World,0,0,6,0,1.0,2.1763394882750948e-16,0.002113804209419423
Small-World,0,0,7,1,0.0,1.7147960166258557e-07,0.11959547358396139
Small-World,0,0,8,0,0.255,1.088816422205114e-15,5.363162787208609e-07
Small-World,0,0,9,1,0.13,1.2072380820524272e-38,0.3994834729241845
Small-World,0,1,0,1,1.0,5.990538294706084e-23,1.1102230246251565e-16
Small-World,0,1,2,1,1.0,1.3533474262767623e-11,1.1102230246251565e-16
Small-World,0,1,3,1,0.0,6.515557067154083e-41,1.1102230246251565e-16
Small-World,0,1,4,1,0.04,5.18430199150415e-11,0.8998578492320171
Small-World,0,1,5,0,1.0,3.154285833040547e-32,0.08530999443172071
Small-World,0,1,6,0,0.0,2.5721696995277324e-42,1.1102230246251565e-16
Small-World,0,1,7,0,1.0,0.014154181049179693,1.887379141862766e-15
Small-World,0,1,8,1,1.0,2.332263701024189e-07,1.1102230246251565e-16
Small-World,0,1,9,1,0.0,1.191573200105761e-46,0.5093819373581666
Small-World,0,2,0,1,1.0,0.9638138335201173,0.5220047063024436
Small-World,0,2,1,1,1.0,1.179953376808304e-31,0.335289713638913
Small-World,0,2,3,0,1.0,3.40177444576876e-07,1.0928147275990341e-11
Small-World,0,2,4,1,1.0,2.0877112177485708e-11,0.03993217524853376
Small-World,0,2,5,0,1.0,9.696276359692817e-29,0.004103270863859754
Small-World,0,2,6,0,1.0,6.616118805060746e-27,0.7815475549596437
Small-World,0,2,7,0,1.0,0.981772895190407,0.019105134527847678
Small-World,0,2,8,0,1.0,0.9949354536312962,0.6649435060801688
Small-World,0,2,9,0,1.0,4.89278291899516e-15,0.052604470081248134
Small-World,0,3,0,1,1.0,0.9801182626145813,0.6636646329350224
Small-World,0,3,1,1,1.0,1.3816297480394355e-36,0.4472423793848618
Small-World,0,3,2,0,0.0,0.9954343107861754,1.1102230246251565e-16
Small-World,0,3,4,1,0.1,6.718956739443556e-07,0.041346328590321835
Small-World,0,3,5,0,1.0,1.6388257348599298e-30,0.004009393323338384
Small-World,0,3,6,1,0.005,1.5962763485556106e-34,0.9983824752490268
Small-World,0,3,7,0,1.0,0.8660358137337032,0.024476719031026994
Small-World,0,3,8,0,0.005,6.8396764119932336e-15,0.4676236363364846
Small-World,0,3,9,0,1.0,1.9953563589518002e-26,0.06063055110863402
Small-World,0,4,0,0,1.0,3.2826747521727343e-10,1.1102230246251565e-16
Small-World,0,4,1,1,0.0,1.8889561656088123e-16,1.1102230246251565e-16
Small-World,0,4,2,1,0.005,2.1536975107408575e-10,4.711083745334577e-10
Small-World,0,4,3,1,1.0,8.010940989233958e-27,1.3333556481143205e-11
Small-World,0,4,5,1,1.0,2.5068262316117273e-36,1.1102230246251565e-16
Small-World,0,4,6,1,1.0,3.5399172889943116e-43,1.1102230246251565e-16
Small-World,0,4,7,0,0.02,1.4589714742355765e-05,1.1102230246251565e-16
Small-World,0,4,8,0,1.0,0.0018575043518371235,1.1102230246251565e-16
Small-World,0,4,9,0,1.0,1.0847604463133097e-27,1.1102230246251565e-16
Small-World,0,5,0,1,1.0,2.2701565156250642e-11,1.1102230246251565e-16
Small-World,0,5,1,0,1.0,1.969761416535998e-28,1.1102230246251565e-16
Small-World,0,5,2,0,1.0,4.048576921692057e-06,5.586805462698408e-10
Small-World,0,5,3,0,1.0,9.804453949373801e-32,1.9435897335995378e-11
Small-World,0,5,4,1,1.0,1.1046825239491031e-15,1.1102230246251565e-16
Small-World,0,5,6,1,1.0,4.216703618755105e-35,1.1102230246251565e-16
Small-World,0,5,7,1,1.0,1.7817909060056797e-09,1.1102230246251565e-16
Small-World,0,5,8,0,1.0,4.1797476483505546e-10,1.1102230246251565e-16
Small-World,0,5,9,0,1.0,2.506873327077083e-07,1.1102230246251565e-16
Small-World,0,6,0,0,1.0,0.10003789597240403,1.1102230246251565e-16
Small-World,0,6,1,0,1.0,3.1702818032099497e-21,0.05896544273007709
Small-World,0,6,2,0,1.0,1.1881930487369883e-07,1.1102230246251565e-16
Small-World,0,6,3,1,1.0,4.030066775728599e-31,1.1102230246251565e-16
Small-World,0,6,4,1,0.03,1.9840392722898457e-17,0.5371638945144276
Small-World,0,6,5,1,1.0,1.2819263911179514e-25,0.03517939604700626
Small-World,0,6,7,0,1.0,0.023327930043379443,0.2073254820404674
Small-World,0,6,8,1,1.0,2.9480145090811645e-17,1.1102230246251565e-16
Small-World,0,6,9,0,0.015,1.8792431658418703e-09,0.6630088629000812
Small-World,0,7,0,1,1.0,1.8688068478622472e-24,1.1102230246251565e-16
Small-World,0,7,1,0,1.0,1.0486604764774971e-20,1.1102230246251565e-16
Small-World,0,7,2,0,1.0,3.250090832720157e-05,1.1102230246251565e-16
Small-World,0,7,3,0,1.0,1.2646009693244008e-24,1.1102230246251565e-16
Small-World,0,7,4,0,1.0,9.418382360278574e-11,0.602893449069539
Small-World,0,7,5,1,1.0,1.0277110734644816e-25,0.13553764336840934
Small-World,0,7,6,0,1.0,2.171073693214059e-33,1.1102230246251565e-16
Small-World,0,7,8,0,1.0,1.3366651692062266e-13,1.1102230246251565e-16
Small-World,0,7,9,0,1.0,1.692643293615931e-18,0.0006960888945924948
Small-World,0,8,0,0,1.0,4.682256312390024e-06,1.1102230246251565e-16
Small-World,0,8,1,1,0.0,2.4792597280390864e-17,0.07379402584097161
Small-World,0,8,2,0,1.0,0.00262716508565678,1.1102230246251565e-16
Small-World,0,8,3,0,1.0,2.354913000797157e-24,1.1102230246251565e-16
Small-World,0,8,4,0,1.0,3.761890590831616e-12,0.5119296041776504
Small-World,0,8,5,0,1.0,3.7984553003730746e-22,0.032810042466004496
Small-World,0,8,6,1,1.0,7.87867940876377e-36,1.1102230246251565e-16
Small-World,0,8,7,0,1.0,0.001964671041471012,0.19531227745395618
Small-World,0,8,9,1,0.38,1.4703000210968008e-31,0.6528513458810294
Small-World,0,9,0,1,1.0,5.56426456062309e-16,1.1102230246251565e-16
Small-World,0,9,1,1,1.0,9.29931095324133e-32,1.1102230246251565e-16
Small-World,0,9,2,0,1.0,4.8476087732442e-07,3.3306690738754696e-16
Small-World,0,9,3,0,1.0,1.9882565855848163e-25,1.1102230246251565e-16
Small-World,0,9,4,0,1.0,0.9906216205267693,0.2166917003181903
Small-World,0,9,5,0,1.0,2.2154340774747657e-07,0.20328893928287517
Small-World,0,9,6,0,1.0,9.024266669965632e-08,1.1102230246251565e-16
Small-World,0,9,7,0,1.0,0.0001221161215185696,1.1102230246251565e-16
Small-World,0,9,8,1,0.2,1.3673348889139253e-18,1.1102230246251565e-16
Small-World,1,0,1,1,1.0,4.974247638431219e-15,0.6436955846175703
Small-World,1,0,2,0,1.0,2.0707458388840338e-07,1.1102230246251565e-16
Small-World,1,0,3,1,1.0,2.362847882671196e-40,1.1102230246251565e-16
Small-World,1,0,4,0,1.0,0.9801964514091697,1.1102230246251565e-16
Small-World,1,0,5,0,1.0,4.610690899216238e-13,1.1102230246251565e-16
Small-World,1,0,6,0,1.0,1.249269852206962e-09,0.00117571331535693
Small-World,1,0,7,0,1.0,0.9322785303568593,1.1102230246251565e-16
Small-World,1,0,8,0,1.0,1.0458059254384176e-09,1.5872226644120246e-08
Small-World,1,0,9,1,0.0,8.334912168651526e-32,1.1102230246251565e-16
Small-World,1,1,0,1,1.0,8.380662984037616e-13,1.1102230246251565e-16
Small-World,1,1,2,1,1.0,2.942765728706853e-10,9.916512055951898e-13
Small-World,1,1,3,1,1.0,1.4627700534035367e-47,3.799116354841203e-09
Small-World,1,1,4,1,1.0,3.2236105627099246e-09,1.5065726444163374e-13
Small-World,1,1,5,0,1.0,3.6717510884107474e-11,1.1102230246251565e-16
Small-World,1,1,6,1,0.445,1.881294814955983e-11,1.1102230246251565e-16
Small-World,1,1,7,0,1.0,0.00031387795064419737,4.945254206134564e-10
Small-World,1,1,8,0,1.0,1.6994446007356714e-11,0.0008736741103411161
Small-World,1,1,9,1,0.0,1.9838985617162563e-36,1.1102230246251565e-16
Small-World,1,2,0,0,1.0,0.014056179546187979,0.20750123209604265
Small-World,1,2,1,1,1.0,5.584718885396588e-14,0.22011945145776934
Small-World,1,2,3,1,0.16,1.1111252819067352e-21,1.1102230246251565e-16
Small-World,1,2,4,1,1.0,9.405314590916589e-24,1.1102230246251565e-16
Small-World,1,2,5,0,1.0,1.525526844291209e-13,0.0007577419110373906
Small-World,1,2,6,0,1.0,0.0008701520188991815,0.2277045172032497
Small-World,1,2,7,0,1.0,1.5042403625204752e-15,1.1102230246251565e-16
Small-World,1,2,8,1,1.0,0.8283317845600914,1.4432899320127035e-15
Small-World,1,2,9,0,1.0,2.8307454459056994e-24,0.01182345344563196
Small-World,1,3,0,1,1.0,3.565961648403837e-12,0.13384893208806448
Small-World,1,3,1,1,0.0,6.982776302392306e-16,0.12279502042693746
Small-World,1,3,2,1,0.0,5.490465051878871e-12,4.440892098500626e-16
Small-World,1,3,4,1,1.0,8.955808100592579e-23,0.35453595920550873
Small-World,1,3,5,1,0.0,6.119567720711576e-13,0.14125819787817706
Small-World,1,3,6,0,0.025,3.3278359129928545e-10,0.6283135453039821
Small-World,1,3,7,1,0.0,7.317937528436878e-20,1.1102230246251565e-15
Small-World,1,3,8,0,1.0,1.8821307194237245e-07,1.1102230246251565e-16
Small-World,1,3,9,0,1.0,3.0659849817027476e-32,0.2795309832517653
Small-World,1,4,0,0,1.0,0.9916444242686562,0.24654799688208606
Small-World,1,4,1,1,1.0,2.935263799353279e-12,0.2274871293019961
Small-World,1,4,2,1,0.0,0.0001326394524739455,1.1102230246251565e-16
Small-World,1,4,3,1,1.0,2.1622629427051054e-42,1.1102230246251565e-16
Small-World,1,4,5,1,1.0,5.135623408446403e-06,6.822309660137194e-05
Small-World,1,4,6,0,1.0,1.495019524271847e-08,0.2008284329821849
Small-World,1,4,7,0,1.0,8.161674747231305e-15,1.1102230246251565e-16
Small-World,1,4,8,0,1.0,0.029766572998182535,9.325873406851315e-15
Small-World,1,4,9,0,1.0,2.5592401590241223e-21,0.004462506160561985
Small-World,1,5,0,0,1.0,7.370637712912839e-09,0.3175610972127304
Small-World,1,5,1,0,1.0,0.9822646756858087,0.3295141661832288
Small-World,1,5,2,0,1.0,0.9920822068032851,1.1102230246251565e-16
Small-World,1,5,3,1,0.195,2.5332483510602116e-45,1.1102230246251565e-16
Small-World,1,5,4,1,1.0,5.931783768383123e-09,1.1102230246251565e-16
Small-World,1,5,6,1,1.0,2.1284883866961997e-11,0.05604064627895344
Small-World,1,5,7,1,0.005,6.565388748691361e-21,1.1102230246251565e-16
Small-World,1,5,8,0,1.0,1.3632170330252412e-07,6.633249505227923e-12
Small-World,1,5,9,0,1.0,1.630128076580751e-25,1.1102230246251565e-16
Small-World,1,6,0,0,1.0,0.00018056056048144166,1.1102230246251565e-16
Small-World,1,6,1,1,1.0,1.0942148547243877e-09,1.1102230246251565e-16
Small-World,1,6,2,0,1.0,0.00025237748399734494,5.901279465092557e-12
Small-World,1,6,3,0,1.0,1.0615401832927569e-29,1.251421777315187e-08
Small-World,1,6,4,0,1.0,1.6588241921600569e-13,8.019140906867506e-13
Small-World,1,6,5,1,1.0,1.5865112967488298e-16,1.4432899320127035e-15
Small-World,1,6,7,0,1.0,7.829913877085908e-08,1.1094438701064746e-09
Small-World,1,6,8,1,1.0,0.05757565795299073,0.0011688167743827416
Small-World,1,6,9,0,1.0,1.0855176677320701e-23,1.1102230246251565e-16
Small-World,1,7,0,0,1.0,0.05313055418168155,0.1443906834157701
Small-World,1,7,1,0,1.0,0.9951905281467512,0.16262088691831067
Small-World,1,7,2,0,1.0,0.9653733763295123,1.1102230246251565e-16
Small-World,1,7,3,1,1.0,2.874239661930982e-33,1.1102230246251565e-16
Small-World,1,7,4,0,0.0,1.2118469230485329e-17,0.10881422323075318
Small-World,1,7,5,1,1.0,3.0744938614478347e-16,0.043147163474206995
Small-World,1,7,6,0,0.05,4.3380728951518185e-11,0.49356646000096926
Small-World,1,7,8,0,1.0,1.0293236942159005e-10,1.1102230246251565e-16
Small-World,1,7,9,1,1.0,2.841045087019875e-07,0.13760494766093967
Small-World,1,8,0,0,1.0,0.0013254118211719701,0.019761804534899285
Small-World,1,8,1,0,1.0,4.5184367832606687e-07,0.01256800149097681
Small-World,1,8,2,1,1.0,7.713459668117224e-15,0.16635681549617176
Small-World,1,8,3,0,1.0,3.89322585629253e-25,0.005584783887640943
Small-World,1,8,4,0,1.0,6.737586427186202e-06,0.21218170316869045
Small-World,1,8,5,0,1.0,0.7144463615989262,0.3872804179986592
Small-World,1,8,6,1,1.0,0.1665904138207058,0.11425630327242531
Small-World,1,8,7,0,1.0,3.9405350462973007e-10,0.6209423174743891
Small-World,1,8,9,1,1.0,3.712670172269051e-21,0.3263886147176944
Small-World,1,9,0,1,1.0,3.8450674555985804e-14,0.43749803656810005
Small-World,1,9,1,1,1.0,6.118339726193479e-09,0.4026313497557418
Small-World,1,9,2,0,1.0,1.2348508733860054e-07,1.1102230246251565e-16
Small-World,1,9,3,0,1.0,6.9200435449932755e-28,1.1102230246251565e-16
Small-World,1,9,4,0,1.0,3.133007713176469e-10,1.1102230246251565e-16
Small-World,1,9,5,0,0.6,4.956420385322847e-09,1.1102230246251565e-16
Small-World,1,9,6,0,1.0,0.916316976335346,0.025562514769740252
Small-World,1,9,7,1,1.0,3.848253001685759e-06,1.1102230246251565e-16
Small-World,1,9,8,1,0.0,5.303553626386461e-18,5.953915138690036e-11
Small-World,2,0,1,1,0.43,0.1062401244940182,1.1102230246251565e-16
Small-World,2,0,2,1,0.005,3.781840909317248e-10,0.02946472712249293
Small-World,2,0,3,0,1.0,1.862773201026264e-133,5.226193615648356e-07
Small-World,2,0,4,0,1.0,0.10459603332121922,1.1102230246251565e-16
Small-World,2,0,5,0,1.0,1.1241517314265123e-65,0.230721936714113
Small-World,2,0,6,0,1.0,4.265329208675728e-52,0.8535290193148243
Small-World,2,0,7,0,1.0,0.005495533406477423,0.4169789847707217
Small-World,2,0,8,0,1.0,0.0005331264489649169,0.038274668281205515
Small-World,2,0,9,0,1.0,1.7369814032450185e-11,0.24943628773839932
Small-World,2,1,0,1,1.0,1.840956538766041e-64,1.1102230246251565e-16
Small-World,2,1,2,1,0.0,9.829673084096412e-167,0.0014578465802469465
Small-World,2,1,3,1,0.0,3.832271227754324e-124,1.895208764368661e-07
Small-World,2,1,4,0,1.0,0.10236992678154665,1.1102230246251565e-16
Small-World,2,1,5,0,1.0,2.2296487526970926e-14,0.22657834906641805
Small-World,2,1,6,0,1.0,0.0037875822653732115,0.2470490331531866
Small-World,2,1,7,0,1.0,0.20957689097920082,0.012640199655414963
Small-World,2,1,8,0,1.0,0.00013394431050864504,0.1489177149040415
Small-World,2,1,9,1,1.0,9.372008826034143e-20,0.14356263367469113
Small-World,2,2,0,1,1.0,2.9772941248351228e-124,0.05287650152462531
Small-World,2,2,1,1,1.0,1.5949596554001956e-63,0.05714575721354165
Small-World,2,2,3,1,1.0,1.158951267301484e-63,1.5929557330984778e-05
Small-World,2,2,4,0,1.0,1.3947645231330142e-07,0.4345685674422328
Small-World,2,2,5,0,1.0,6.013162988678959e-11,0.013641937036267482
Small-World,2,2,6,1,1.0,2.443941168810955e-20,0.3155537238498938
Small-World,2,2,7,0,1.0,0.943175112365406,0.33215960915781884
Small-World,2,2,8,1,1.0,7.36270716366199e-80,0.10864514950372428
Small-World,2,2,9,0,1.0,2.517007827634606e-25,0.4329683619109751
Small-World,2,3,0,0,1.0,6.007570316179938e-100,0.0010854183781877635
Small-World,2,3,1,1,1.0,6.861192401429751e-30,0.005473543525239766
Small-World,2,3,2,1,1.0,3.064487030671388e-07,6.414797970588637e-08
Small-World,2,3,4,1,0.0,6.937378047542223e-06,0.6448871014506461
Small-World,2,3,5,1,1.0,0.0004493264004901713,0.8142555772329049
Small-World,2,3,6,1,0.0,0.9948935727832868,0.7824750189341212
Small-World,2,3,7,0,1.0,2.6069777636317397e-14,0.9697386309214114
Small-World,2,3,8,0,1.0,1.5087570093286931e-24,0.5332349319510913
Small-World,2,3,9,0,1.0,5.742717761293713e-13,0.6621240292057979
Small-World,2,4,0,0,1.0,0.010184086090755969,0.034601489094781335
Small-World,2,4,1,0,1.0,0.4328259738168859,0.02123926383499042
Small-World,2,4,2,0,1.0,0.00043279715635362754,0.00851529369336812
Small-World,2,4,3,1,0.0,0.000524904727341947,1.1102230246251565e-16
Small-World,2,4,5,1,0.0,2.0722528433694114e-26,0.5364820903044552
Small-World,2,4,6,1,0.0,2.0433135990163606e-74,0.641881508955626
Small-World,2,4,7,0,1.0,9.734476827561663e-22,0.4329285013293379
Small-World,2,4,8,0,1.0,5.438741291169288e-19,0.9759279113914056
Small-World,2,4,9,0,1.0,0.3138023284362632,0.37208192466508316
Small-World,2,5,0,0,0.0,0.017134546656678806,0.00020662045906783
Small-World,2,5,1,0,1.0,7.676358214917596e-07,0.02992278308404772
Small-World,2,5,2,0,1.0,4.127976321649003e-13,0.0037814174328054673
Small-World,2,5,3,1,0.0,1.682858869196919e-118,0.21168660079555457
Small-World,2,5,4,1,0.0,0.0,0.01418383362736031
Small-World,2,5,6,1,0.0,2.1750348009959908e-32,1.1102230246251565e-16
Small-World,2,5,7,1,0.0,1.197877877726462e-25,0.30022047484039316
Small-World,2,5,8,1,1.0,2.0921693874027074e-59,1.1102230246251565e-16
Small-World,2,5,9,1,1.0,3.130917603395927e-26,0.2204456140806882
Small-World,2,6,0,0,1.0,0.010069604030903566,2.490457546966418e-06
Small-World,2,6,1,0,1.0,0.8857850972160284,0.009291650798611384
Small-World,2,6,2,1,0.0,3.106309417036056e-22,0.02026023776380681
Small-World,2,6,3,1,1.0,1.424587293434472e-61,0.07508816017694186
Small-World,2,6,4,1,0.0,9.227288506877861e-294,0.0002940012205899789
Small-World,2,6,5,1,1.0,3.8605810898235573e-16,1.1102230246251565e-16
Small-World,2,6,7,1,1.0,2.9935678943673982e-21,0.35249039024678663
Small-World,2,6,8,0,1.0,1.420480503061712e-66,1.1102230246251565e-16
Small-World,2,6,9,0,1.0,2.7684659309879598e-71,0.0015195039484806605
Small-World,2,7,0,0,1.0,1.2573298732443926e-126,0.0007701483994855263
Small-World,2,7,1,0,1.0,1.3801315105526076e-15,0.01211918161766845
Small-World,2,7,2,0,1.0,9.14744077696043e-118,0.6953462952885641
Small-World,2,7,3,0,1.0,1.6576163281404341e-16,0.0005044643736553667
Small-World,2,7,4,0,1.0,7.719346959906269e-143,0.0001705619313498996
Small-World,2,7,5,1,1.0,5.970320485231041e-35,3.7205409930685107e-07
Small-World,2,7,6,1,0.0,1.3081000825011296e-42,4.364161172443204e-07
Small-World,2,7,8,0,1.0,1.546120442815199e-23,1.6470863292372684e-05
Small-World,2,7,9,1,0.3,1.8542512656643237e-08,1.1102230246251565e-16
Small-World,2,8,0,0,1.0,0.9746079839400735,0.006645857400238597
Small-World,2,8,1,0,1.0,9.517881984171373e-06,0.022269821021066227
Small-World,2,8,2,1,0.025,2.7357684010372117e-25,0.003184922415557234
Small-World,2,8,3,0,1.0,0.004401595949827022,0.4869251774986664
Small-World,2,8,4,0,0.0,3.2860959282642985e-231,0.0015556136856426095
Small-World,2,8,5,1,0.0,0.0008147817690880711,1.1102230246251565e-16
Small-World,2,8,6,0,1.0,2.1526374383704406e-27,1.1102230246251565e-16
Small-World,2,8,7,0,1.0,1.954669681206126e-08,0.5027449807536917
Small-World,2,8,9,1,1.0,9.656487233975334e-18,0.45713369326793374
Small-World,2,9,0,0,1.0,7.957574060220948e-133,0.000617200933821227
Small-World,2,9,1,1,1.0,5.270586291611285e-06,0.009736158745427215
Small-World,2,9,2,0,1.0,4.2510144452567906e-66,0.6825759523354973
Small-World,2,9,3,0,0.0,9.336865925695004e-12,0.0005943507961541084
Small-World,2,9,4,0,1.0,0.0,0.0026652923600537504
Small-World,2,9,5,1,0.0,2.828421917879353e-47,2.919226029796107e-07
Small-World,2,9,6,0,1.0,3.713658207716458e-24,0.0001445487980282767
Small-World,2,9,7,1,0.0,3.6208302553143e-33,0.06209198059330634
Small-World,2,9,8,1,1.0,1.4416961707658174e-08,1.2604115499303958e-05
Small-World,3,0,1,1,1.0,0.8540235471365532,0.49710143148500685
Small-World,3,0,2,1,1.0,6.016668502604099e-11,1.1102230246251565e-16
Small-World,3,0,3,0,1.0,0.0001745590581879817,0.01076187435381748
Small-World,3,0,4,0,1.0,9.366039338856558e-175,0.026891773489580828
Small-World,3,0,5,0,1.0,0.00016024627078084033,2.2432749762879567e-05
Small-World,3,0,6,0,1.0,1.348935133866173e-08,1.1102230246251565e-16
Small-World,3,0,7,1,1.0,2.3432122712746859e-07,1.1102230246251565e-16
Small-World,3,0,8,0,1.0,0.9018718931225295,4.654054919228656e-13
Small-World,3,0,9,1,1.0,2.6521071968173725e-42,1.1102230246251565e-16
Small-World,3,1,0,1,1.0,1.0044935392857542e-54,1.1102230246251565e-16
Small-World,3,1,2,1,0.0,4.890058610968125e-42,1.1102230246251565e-16
Small-World,3,1,3,1,1.0,9.741874705401742e-26,0.13010980033471142
Small-World,3,1,4,0,1.0,6.162752163684627e-231,0.9660722115757817
Small-World,3,1,5,0,1.0,0.14328159714412034,1.1102230246251565e-16
Small-World,3,1,6,0,1.0,0.9939880235065046,2.8874120423516558e-05
Small-World,3,1,7,0,1.0,0.9289804015741205,8.493210707838372e-06
Small-World,3,1,8,0,1.0,0.12100072666347214,0.0005875185483100731
Small-World,3,1,9,1,0.0,7.093696500369292e-29,2.5792987623507457e-07
Small-World,3,2,0,1,1.0,2.1076744892855783e-30,1.1102230246251565e-16
Small-World,3,2,1,1,0.11,3.1207319447627655e-09,0.5584369783510426
Small-World,3,2,3,0,0.0,0.00014661136361625852,0.01254621833788927
Small-World,3,2,4,0,1.0,4.943677693124697e-167,0.22248322490168537
Small-World,3,2,5,0,1.0,6.33540771043673e-10,2.857998504524062e-09
Small-World,3,2,6,0,1.0,0.002394418043305567,4.440892098500626e-16
Small-World,3,2,7,0,1.0,2.3811124104085848e-39,1.1102230246251565e-16
Small-World,3,2,8,1,1.0,0.5805579507388267,3.176126028847648e-12
Small-World,3,2,9,0,1.0,2.5859821910831523e-28,1.1102230246251565e-16
Small-World,3,3,0,0,1.0,1.544593638712948e-28,0.015283740327424633
Small-World,3,3,1,1,0.0,1.8309104192833416e-19,3.333005937911082e-08
Small-World,3,3,2,0,1.0,1.3358350615967315e-05,0.006352351868256001
Small-World,3,3,4,1,0.0,2.403466053590578e-120,0.0014142117390411046
Small-World,3,3,5,1,0.0,2.2246612541563526e-12,0.00030482739355319755
Small-World,3,3,6,0,1.0,8.847739663135801e-22,0.8932279296610829
Small-World,3,3,7,0,1.0,0.3880494767600693,0.9039064228447783
Small-World,3,3,8,0,1.0,1.8819739898832105e-06,0.6433839209227432
Small-World,3,3,9,0,1.0,0.06789356825156982,0.32816533497926637
Small-World,3,4,0,0,1.0,0.3498208757881771,0.0788478678692418
Small-World,3,4,1,0,1.0,0.06902583186167056,0.002028036971233438
Small-World,3,4,2,0,1.0,0.3599670048257648,0.05578990892743907
Small-World,3,4,3,1,0.0,4.452115996738134e-39,0.05871029249231685
Small-World,3,4,5,1,0.0,3.621812052022281e-91,0.10610240121124426
Small-World,3,4,6,1,0.0,9.69064355340229e-54,0.8405815167634223
Small-World,3,4,7,0,1.0,1.1001490413986112e-33,0.34180095818860357
Small-World,3,4,8,1,1.0,7.688381904764473e-58,0.9231910632222697
Small-World,3,4,9,0,1.0,1.1848867778853248e-05,0.08449907306630144
Small-World,3,5,0,0,1.0,2.0483101882036726e-24,1.1102230246251565e-16
Small-World,3,5,1,0,0.02,0.0005257071243149326,0.0014892856061390347
Small-World,3,5,2,0,1.0,1.2500816775632728e-11,1.1102230246251565e-16
Small-World,3,5,3,1,0.0,1.0115153207023075e-31,0.08206344585114012
Small-World,3,5,4,1,0.0,8.067145095494698e-156,0.7424658704328
Small-World,3,5,6,1,1.0,5.435935922483069e-10,1.3869338899574757e-08
Small-World,3,5,7,1,0.0,1.738163507837093e-95,7.953347980205194e-10
Small-World,3,5,8,0,1.0,3.0770682995751785e-09,2.294224234478115e-06
Small-World,3,5,9,0,1.0,2.4161000119566576e-29,1.1325052007293834e-11
Small-World,3,6,0,0,1.0,7.267980126273364e-13,0.577605198511125
Small-World,3,6,1,0,1.0,0.038486207828753116,0.0529335610540278
Small-World,3,6,2,0,1.0,6.084556385349847e-28,0.7714233583146499
Small-World,3,6,3,0,1.0,2.5917793400759397e-20,0.0021023321808305573
Small-World,3,6,4,1,0.0,1.1587853172574582e-72,2.4871561138395393e-06
Small-World,3,6,5,1,1.0,7.67059125461938e-09,0.8684557052795951
Small-World,3,6,7,1,0.0,7.135081666169706e-22,1.1102230246251565e-16
Small-World,3,6,8,1,0.0,3.0114156942271176e-34,1.1102230246251565e-16
Small-World,3,6,9,0,1.0,1.8310540144653192e-39,1.0721664911450546e-07
Small-World,3,7,0,1,1.0,0.009223202522637605,0.3583378935637437
Small-World,3,7,1,0,1.0,1.7208391477250263e-33,0.07163260247540115
Small-World,3,7,2,0,1.0,6.702816832200066e-14,0.8806062039507445
Small-World,3,7,3,0,1.0,0.9351404589288486,0.001269140583271433
Small-World,3,7,4,0,1.0,1.7803985369136463e-38,4.665104690659838e-06
Small-World,3,7,5,1,0.0,5.0827076858070814e-33,0.6312991326985818
Small-World,3,7,6,1,1.0,1.318203500854106e-53,1.1102230246251565e-16
Small-World,3,7,8,1,0.0,0.00011519943016378305,1.1102230246251565e-16
Small-World,3,7,9,1,0.0,3.117707283454294e-42,1.1102230246251565e-16
Small-World,3,8,0,0,1.0,1.880985070908412e-24,0.866560401413986
Small-World,3,8,1,0,1.0,0.8031136842154479,0.03111549147901893
Small-World,3,8,2,1,0.0,2.7860345451499307e-44,0.5318084388036526
Small-World,3,8,3,0,1.0,0.9480084719760161,0.0012558337452938106
Small-World,3,8,4,1,0.0,0.9459956041859745,8.657954402524481e-06
Small-World,3,8,5,0,1.0,8.587817548886977e-14,0.7863131166096019
Small-World,3,8,6,1,0.0,0.00012570469254527674,1.1102230246251565e-16
Small-World,3,8,7,1,0.0,1.3991437458035107e-101,2.996029335733397e-08
Small-World,3,8,9,1,0.0,1.2586593536961538e-30,0.10941844879318263
Small-World,3,9,0,1,1.0,3.179353111318513e-14,0.13421462223919756
Small-World,3,9,1,1,0.0,5.719734975899173e-17,0.08536183950458365
Small-World,3,9,2,0,1.0,7.807694042804583e-37,0.6111190938366812
Small-World,3,9,3,0,1.0,0.0005187750909042033,0.0011666696814525146
Small-World,3,9,4,0,1.0,2.813356758610729e-116,0.00010289274730246323
Small-World,3,9,5,0,1.0,0.2085561300789043,0.334937986467176
Small-World,3,9,6,0,1.0,2.1456728247950055e-05,1.1102230246251565e-16
Small-World,3,9,7,1,0.0,3.9543682566722337e-22,1.1102230246251565e-16
Small-World,3,9,8,1,0.0,9.188493927995586e-08,1.1102230246251565e-16
Small-World,4,0,1,1,1.0,3.79669403661191e-115,0.7608453358191067
Small-World,4,0,2,1,1.0,1.8238966490923704e-05,1.1102230246251565e-16
Small-World,4,0,3,0,1.0,1.0434884247981835e-44,0.011027352528840573
Small-World,4,0,4,0,1.0,1.198915553359706e-05,0.5110634935882467
Small-World,4,0,5,0,1.0,0.524636137034463,0.2163777168300185
Small-World,4,0,6,0,1.0,0.022477367999255597,0.1386188267005669
Small-World,4,0,7,0,1.0,1.879720934338493e-21,0.018090148223947056
Small-World,4,0,8,1,0.0,5.383255622641079e-118,0.8614399456970604
Small-World,4,0,9,0,1.0,1.042330188543348e-10,0.14899400515584427
Small-World,4,1,0,1,1.0,4.3282315214542405e-90,0.19433496187370491
Small-World,4,1,2,1,0.0,1.75565120839758e-55,0.3056656355423727
Small-World,4,1,3,1,1.0,6.164749325443906e-71,1.1102230246251565e-16
Small-World,4,1,4,0,1.0,1.679247881791911e-09,0.8818702298368891
Small-World,4,1,5,1,0.0,2.2516212368918015e-23,0.004544467867344637
Small-World,4,1,6,0,1.0,0.2645518840719431,0.018121063195849718
Small-World,4,1,7,1,0.0,1.2009027452322977e-49,0.00016194465975127859
Small-World,4,1,8,0,1.0,0.44802125771621004,0.00028921842605478254
Small-World,4,1,9,1,1.0,1.5976665176616696e-28,0.02531926496715753
Small-World,4,2,0,1,1.0,0.698389204930538,1.1102230246251565e-16
Small-World,4,2,1,1,1.0,2.3060376970125822e-62,0.5903557750558269
Small-World,4,2,3,1,0.0,5.673897138829337e-143,0.24800620021441977
Small-World,4,2,4,1,0.0,0.9791961743935603,0.0341443300842057
Small-World,4,2,5,0,1.0,0.0689504664614038,0.001031243983877661
Small-World,4,2,6,0,1.0,0.07321378077483297,0.0006695365629464378
Small-World,4,2,7,0,1.0,0.002223690401121576,0.0002564704493850378
Small-World,4,2,8,0,1.0,2.8712791360276086e-83,0.1435695950000322
Small-World,4,2,9,0,1.0,5.34040656891783e-23,0.001162942822155455
Small-World,4,3,0,0,1.0,5.189560263027752e-34,0.0021942329590326493
Small-World,4,3,1,1,1.0,8.22664504827824e-17,0.02848651653481271
Small-World,4,3,2,1,1.0,0.4898750863656298,0.0006985496419091852
Small-World,4,3,4,1,1.0,1.8527451334216494e-14,0.0025997857446810047
Small-World,4,3,5,1,1.0,7.470313916836065e-06,2.1007744533174666e-05
Small-World,4,3,6,0,1.0,0.20305064104041443,3.961153327947109e-05
Small-World,4,3,7,0,1.0,1.4807893877264263e-06,1.696246111348998e-07
Small-World,4,3,8,0,1.0,0.001952339817353632,1.2700896150352747e-06
Small-World,4,3,9,0,1.0,1.0936607928989505e-08,0.0002066659578615626
Small-World,4,4,0,0,1.0,6.56995262278623e-13,0.617373211312754
Small-World,4,4,1,0,1.0,6.316320414682007e-164,1.1102230246251565e-16
Small-World,4,4,2,1,1.0,5.124336483178833e-23,0.8660448668197769
Small-World,4,4,3,1,0.02,0.00018978111270793468,5.729983154623142e-10
Small-World,4,4,5,1,0.0,5.674072948430673e-20,0.06548691935559225
Small-World,4,4,6,1,0.0,2.034096367715216e-09,0.26752907215551036
Small-World,4,4,7,0,1.0,3.3011872988350733e-12,0.004617475139319982
Small-World,4,4,8,0,1.0,1.3587337683307234e-28,0.0022587160431436493
Small-World,4,4,9,0,1.0,8.202824075024959e-125,1.1102230246251565e-16
Small-World,4,5,0,0,1.0,2.245721844348472e-37,0.6231706588328132
Small-World,4,5,1,1,0.0,6.238702656468149e-12,1.1102230246251565e-16
Small-World,4,5,2,0,1.0,0.8392638006392898,0.6885893408992916
Small-World,4,5,3,1,0.0,0.35808245996013155,2.517112289868173e-05
Small-World,4,5,4,1,0.0,5.458423755428296e-51,1.1102230246251565e-16
Small-World,4,5,6,0,1.0,0.6678475832037585,1.1102230246251565e-16
Small-World,4,5,7,0,1.0,1.7612194078244504e-41,0.05800850424763904
Small-World,4,5,8,1,1.0,7.031227404418096e-06,0.02239820661149594
Small-World,4,5,9,1,1.0,3.102048355959191e-53,1.1102230246251565e-16
Small-World,4,6,0,0,1.0,1.7916569159720057e-168,0.6713226937441719
Small-World,4,6,1,0,1.0,4.6429654399876184e-24,1.1102230246251565e-16
Small-World,4,6,2,0,1.0,0.0034480129323143966,0.6951742459264629
Small-World,4,6,3,0,1.0,8.166013402511044e-12,8.455971824428143e-05
Small-World,4,6,4,1,0.0,3.6545424960510867e-42,1.1102230246251565e-16
Small-World,4,6,5,0,1.0,5.516259517253384e-26,1.1102230246251565e-16
Small-World,4,6,7,1,0.0,1.1560941221256026e-24,0.08639413118552797
Small-World,4,6,8,1,1.0,4.058590846856815e-42,0.029368086795093507
Small-World,4,6,9,1,0.0,1.9372869441423583e-22,1.1102230246251565e-16
Small-World,4,7,0,0,1.0,5.761844836129677e-70,0.2369529217394154
Small-World,4,7,1,1,1.0,4.672891057051016e-70,4.664685571142968e-08
Small-World,4,7,2,0,1.0,3.764302029200073e-05,0.07715218028343562
Small-World,4,7,3,0,1.0,1.1066947213100877e-10,0.6535623224879703
Small-World,4,7,4,0,1.0,8.464086396956263e-35,1.5432100042289676e-14
Small-World,4,7,5,0,1.0,9.57752781322295e-16,1.1102230246251565e-16
Small-World,4,7,6,1,1.0,5.421632176673566e-07,1.1102230246251565e-16
Small-World,4,7,8,0,0.0,2.8237200100834032e-34,5.79208225580663e-05
Small-World,4,7,9,1,1.0,5.501513944270272e-15,8.215650382226158e-15
Small-World,4,8,0,1,1.0,3.087326360745337e-165,0.018523907090447822
Small-World,4,8,1,0,1.0,7.674200601816373e-12,0.0026990716660151293
Small-World,4,8,2,0,1.0,1.2951874425853893e-09,0.0006428933366079415
Small-World,4,8,3,0,1.0,1.6623756129885278e-21,0.18077991878018118
Small-World,4,8,4,0,1.0,3.950225603402164e-09,6.535118326489453e-07
Small-World,4,8,5,1,0.0,2.346525031594541e-13,4.3520742565306136e-14
Small-World,4,8,6,1,0.0,0.9263612455988324,4.107825191113079e-15
Small-World,4,8,7,0,1.0,0.7457423684215041,1.1102230246251565e-16
Small-World,4,8,9,0,1.0,1.6044844985702265e-10,1.0101309555476945e-07
Small-World,4,9,0,0,1.0,4.774650255847844e-22,0.6117977198252851
Small-World,4,9,1,1,1.0,7.169421450230543e-26,1.1102230246251565e-16
Small-World,4,9,2,0,1.0,2.40240477926708e-05,0.42730417946260835
Small-World,4,9,3,0,1.0,3.493480657409918e-77,1.7752699310591424e-10
Small-World,4,9,4,0,1.0,7.281725831934016e-20,1.1102230246251565e-16
Small-World,4,9,5,1,0.0,1.0718187696788403e-05,0.0659029094043132
Small-World,4,9,6,1,1.0,0.9431459742911921,0.27076938226699976
Small-World,4,9,7,1,1.0,4.3187528556918795e-21,0.0037015390005872284
Small-World,4,9,8,0,0.06,1.4373699474245077e-10,0.0018506312978610051
Erdos-Renyi,0,0,1,0,0.04,1.861641646721311e-47,3.4624755440582078e-06
Erdos-Renyi,0,0,2,1,1.0,6.905888005934996e-20,1.1102230246251565e-16
Erdos-Renyi,0,0,3,1,1.0,2.050752384904855e-116,0.002794276290393083
Erdos-Renyi,0,0,4,1,1.0,8.724972986987142e-134,0.0006108591808973163
Erdos-Renyi,0,0,5,0,1.0,0.0006924423161044182,1.358709711407613e-08
Erdos-Renyi,0,0,6,0,1.0,0.07629368736932823,1.8690868186510556e-08
Erdos-Renyi,0,0,7,0,1.0,1.6459397514220294e-06,0.0005267551811082294
Erdos-Renyi,0,0,8,1,1.0,7.773136810344813e-61,0.001693004906461737
Erdos-Renyi,0,0,9,0,1.0,0.9598381574470887,0.45601997364988156
Erdos-Renyi,0,1,0,1,1.0,5.527831513735215e-113,2.2974698654643078e-07
Erdos-Renyi,0,1,2,1,0.0,6.822878479979109e-107,0.00031776258745430663
Erdos-Renyi,0,1,3,0,1.0,4.079405192427411e-96,0.6084339361107014
Erdos-Renyi,0,1,4,1,0.0,0.011398095956701286,1.1102230246251565e-16
Erdos-Renyi,0,1,5,1,0.0,1.5694997204699217e-25,8.134472042242713e-05
Erdos-Renyi,0,1,6,0,1.0,6.285039261167663e-32,1.9949603635716073e-08
Erdos-Renyi,0,1,7,0,1.0,1.250134911613941e-131,1.1102230246251565e-16
Erdos-Renyi,0,1,8,1,1.0,5.0057608757826264e-55,1.1102230246251565e-16
Erdos-Renyi,0,1,9,0,1.0,9.077239995684015e-16,2.886579864025407e-15
Erdos-Renyi,0,2,0,0,0.0,0.001974847103637893,0.000545763577780134
Erdos-Renyi,0,2,1,1,0.0,3.6903376565798767e-84,6.484715569299304e-06
Erdos-Renyi,0,2,3,0,1.0,1.1391681664245195e-92,0.0032799991816024887
Erdos-Renyi,0,2,4,0,0.0,1.9704168081721706e-35,0.00022862044474880605
Erdos-Renyi,0,2,5,0,1.0,0.0013897715190008505,2.9591983308208114e-09
Erdos-Renyi,0,2,6,1,0.0,1.0165758820901993e-61,0.3905250610714651
Erdos-Renyi,0,2,7,0,1.0,0.9618665032773057,6.499080538535651e-05
Erdos-Renyi,0,2,8,0,1.0,2.355473797652359e-74,0.0002711097546373997
Erdos-Renyi,0,2,9,1,1.0,3.777082197119716e-96,0.079849081551567
Erdos-Renyi,0,3,0,1,1.0,2.5933706261811254e-34,0.9062378737374698
Erdos-Renyi,0,3,1,0,1.0,0.2528762919889448,0.0013302541419206726
Erdos-Renyi,0,3,2,0,1.0,0.0002653232043279985,0.4352624348593317
Erdos-Renyi,0,3,4,0,1.0,0.7709802221883484,3.0402967709064477e-05
Erdos-Renyi,0,3,5,0,1.0,0.4871829785082531,0.03154163707600721
Erdos-Renyi,0,3,6,0,1.0,0.0008884165683817586,0.253872042446566
Erdos-Renyi,0,3,7,0,1.0,5.881337571178637e-09,0.0015203855608481032
Erdos-Renyi,0,3,8,0,1.0,2.0587065444150672e-06,0.002687424039088615
Erdos-Renyi,0,3,9,0,1.0,0.042509992717753874,0.03352123169340249
Erdos-Renyi,0,4,0,0,1.0,3.3350028498770516e-39,1.1102230246251565e-16
Erdos-Renyi,0,4,1,0,1.0,3.379931416013751e-07,0.0002697604419774624
Erdos-Renyi,0,4,2,0,1.0,1.4734613512590072e-43,7.135958490778194e-12
Erdos-Renyi,0,4,3,0,1.0,1.6638091387671047e-217,0.009524692525354483
Erdos-Renyi,0,4,5,0,1.0,1.6205694564178634e-05,2.6490100668574712e-08
Erdos-Renyi,0,4,6,1,1.0,3.984680954947782e-59,1.1102230246251565e-16
Erdos-Renyi,0,4,7,1,0.0,2.3763258934771896e-105,1.1102230246251565e-16
Erdos-Renyi,0,4,8,1,0.0,1.8693229374168576e-11,1.1102230246251565e-16
Erdos-Renyi,0,4,9,1,0.02,0.002146639138786367,1.1102230246251565e-16
Erdos-Renyi,0,5,0,1,1.0,5.277399558321569e-53,0.9102315885471748
Erdos-Renyi,0,5,1,1,0.0,0.1496064534010204,1.1102230246251565e-16
Erdos-Renyi,0,5,2,1,1.0,4.6114548110900984e-36,0.9078550268299265
Erdos-Renyi,0,5,3,0,1.0,1.3205542317204508e-16,0.06783280631176947
Erdos-Renyi,0,5,4,0,1.0,4.311737556695274e-14,5.588289830882331e-10
Erdos-Renyi,0,5,6,0,1.0,0.03920067334770822,0.6669302914936965
Erdos-Renyi,0,5,7,1,0.0,1.6007696763438566e-124,6.77615723199132e-07
Erdos-Renyi,0,5,8,1,1.0,7.352951105029746e-74,7.968977574157599e-06
Erdos-Renyi,0,5,9,0,1.0,2.0446752548027302e-05,0.036001884108388005
Erdos-Renyi,0,6,0,0,1.0,2.4360298810369877e-06,1.1102230246251565e-16
Erdos-Renyi,0,6,1,0,1.0,0.03203427866537061,3.630042588742555e-08
Erdos-Renyi,0,6,2,1,1.0,7.611712345242366e-32,1.1102230246251565e-16
Erdos-Renyi,0,6,3,0,0.0,7.480801019451346e-117,0.0033964568653153115
Erdos-Renyi,0,6,4,1,0.0,1.3021192639836193e-26,0.000277357746255702
Erdos-Renyi,0,6,5,0,1.0,0.0001489601134774034,4.335753978068624e-12
Erdos-Renyi,0,6,7,0,1.0,3.1023719741452805e-13,0.00027679542298997273
Erdos-Renyi,0,6,8,0,1.0,1.492337301086429e-75,0.00041694984301443583
Erdos-Renyi,0,6,9,0,1.0,4.176422396390651e-24,0.2863257875387778
Erdos-Renyi,0,7,0,0,1.0,0.5019818179401113,1.1102230246251565e-16
Erdos-Renyi,0,7,1,0,1.0,4.303139038391462e-11,1.7271988198785948e-05
Erdos-Renyi,0,7,2,0,1.0,0.3752613526164522,1.1102230246251565e-16
Erdos-Renyi,0,7,3,1,0.0,2.81604820645211e-266,0.0088005091083585
Erdos-Renyi,0,7,4,1,0.0,1.1470061433763526e-11,0.7387084331204805
Erdos-Renyi,0,7,5,0,1.0,0.08378901445363134,1.451124220785971e-09
Erdos-Renyi,0,7,6,1,1.0,3.962426577510453e-15,1.1102230246251565e-16
Erdos-Renyi,0,7,8,1,1.0,9.477379775057944e-34,1.1102230246251565e-16
Erdos-Renyi,0,7,9,0,1.0,5.21381038158165e-10,1.1102230246251565e-16
Erdos-Renyi,0,8,0,0,1.0,2.6018417785325612e-12,1.1102230246251565e-16
Erdos-Renyi,0,8,1,0,1.0,0.9510735184213501,1.3436351345541553e-05
Erdos-Renyi,0,8,2,0,1.0,0.24828794785968522,1.1102230246251565e-16
Erdos-Renyi,0,8,3,0,0.0,3.194049743284503e-264,0.018418900268820648
Erdos-Renyi,0,8,4,0,1.0,6.368775237395309e-08,0.4228240208540788
Erdos-Renyi,0,8,5,0,1.0,0.18039007749381092,1.2988967679206098e-09
Erdos-Renyi,0,8,6,1,0.0,6.516322397189665e-160,1.1102230246251565e-16
Erdos-Renyi,0,8,7,1,1.0,2.3149078737723766e-175,2.2693233942328028e-05
Erdos-Renyi,0,8,9,0,0.0,7.998479954453566e-18,1.1102230246251565e-16
Erdos-Renyi,0,9,0,1,1.0,0.5723633078459744,1.1102230246251565e-16
Erdos-Renyi,0,9,1,0,0.15,0.43166446171582873,5.981562501977677e-07
Erdos-Renyi,0,9,2,0,1.0,3.5912193606188884e-13,1.1102230246251565e-16
Erdos-Renyi,0,9,3,0,0.0,1.0015293893299162e-164,0.01020448738848534
Erdos-Renyi,0,9,4,1,0.0,3.3139708582518287e-06,0.00742785314840233
Erdos-Renyi,0,9,5,0,0.235,3.1530069642543623e-06,4.749334259201987e-11
Erdos-Renyi,0,9,6,0,1.0,2.490990447641939e-19,1.1102230246251565e-16
Erdos-Renyi,0,9,7,1,1.0,1.7986980057152682e-08,0.014446689032912796
Erdos-Renyi,0,9,8,1,1.0,4.8306587343404925e-05,0.017097415795761628
Erdos-Renyi,1,0,1,0,0.0,0.49858782095183074,0.43158200099417854
Erdos-Renyi,1,0,2,0,0.0,4.06841171068449e-84,1.1102230246251565e-16
Erdos-Renyi,1,0,3,0,1.0,1.4678771637000679e-06,0.1565265455349384
Erdos-Renyi,1,0,4,0,1.0,8.005932581415923e-73,5.551115123125783e-15
Erdos-Renyi,1,0,5,0,1.0,2.1654273169798714e-14,2.9110047705671604e-13
Erdos-Renyi,1,0,6,0,1.0,0.0734725467835983,0.004391680999296543
Erdos-Renyi,1,0,7,1,1.0,2.40045827628592e-86,1.1102230246251565e-16
Erdos-Renyi,1,0,8,1,0.0,7.751271347109018e-76,0.004930484222133602
Erdos-Renyi,1,0,9,1,0.0,4.1551502340856855e-05,3.3306690738754696e-15
Erdos-Renyi,1,1,0,0,1.0,6.264632954353592e-07,5.634603889981271e-05
Erdos-Renyi,1,1,2,0,1.0,6.311355024069822e-11,0.04786013645454845
Erdos-Renyi,1,1,3,0,1.0,1.2512776578160179e-21,0.08206814452826516
Erdos-Renyi,1,1,4,1,0.0,1.3154899926570175e-178,3.9206020430171407e-08
Erdos-Renyi,1,1,5,1,1.0,3.0480139043931386e-24,2.6819276610634546e-06
Erdos-Renyi,1,1,6,1,1.0,1.8272078405196194e-103,8.436397136435403e-10
Erdos-Renyi,1,1,7,0,1.0,4.184317151983844e-26,0.005841973084742658
Erdos-Renyi,1,1,8,0,1.0,2.5595661681698027e-97,0.7658937272293092
Erdos-Renyi,1,1,9,0,1.0,6.376065047111037e-07,0.00023760683349849376
Erdos-Renyi,1,2,0,0,1.0,5.099693515557524e-15,6.854101641806665e-08
Erdos-Renyi,1,2,1,0,1.0,4.596624303120586e-08,0.6175601901760437
Erdos-Renyi,1,2,3,0,1.0,8.793384355370422e-06,0.03009643571805065
Erdos-Renyi,1,2,4,1,0.0,0.9832823722709526,1.7003655150560348e-09
Erdos-Renyi,1,2,5,1,1.0,8.814779352308454e-05,3.69308269532187e-06
Erdos-Renyi,1,2,6,0,1.0,1.447599156012699e-09,0.05282007171890202
Erdos-Renyi,1,2,7,1,0.0,2.3162633206188347e-44,1.1102230246251565e-16
Erdos-Renyi,1,2,8,0,0.0,5.901589930848466e-19,0.007405822436111209
Erdos-Renyi,1,2,9,0,1.0,0.00012498845951224602,0.0018959154648977572
Erdos-Renyi,1,3,0,1,1.0,0.0008043095735491635,0.4880018526406973
Erdos-Renyi,1,3,1,0,1.0,1.4668228764286166e-38,0.04821051757457595
Erdos-Renyi,1,3,2,0,1.0,9.36119085311685e-09,0.24836459451393833
Erdos-Renyi,1,3,4,0,1.0,0.017458932999934396,0.12721981673898863
Erdos-Renyi,1,3,5,1,1.0,1.2003285631532336e-33,0.9680151713657127
Erdos-Renyi,1,3,6,1,0.0,6.1852103689576796e-49,0.6588943975385778
Erdos-Renyi,1,3,7,0,1.0,1.1996491945652858e-25,0.45803544543780683
Erdos-Renyi,1,3,8,1,0.0,2.6148163496625406e-19,0.0037333235139328513
Erdos-Renyi,1,3,9,1,0.0,5.996998540997081e-97,0.18400020158854702
Erdos-Renyi,1,4,0,1,1.0,5.546580878035375e-13,8.493206138382448e-14
Erdos-Renyi,1,4,1,1,0.0,4.228304747787378e-10,0.8874787891816354
Erdos-Renyi,1,4,2,0,1.0,0.01412650794989926,1.1102230246251565e-16
Erdos-Renyi,1,4,3,0,0.0,2.4641444985612214e-05,0.030324489959977385
Erdos-Renyi,1,4,5,1,1.0,1.8076353595549263e-07,3.765145673018111e-08
Erdos-Renyi,1,4,6,0,1.0,2.282973898603117e-16,0.22769596225168742
Erdos-Renyi,1,4,7,1,1.0,6.31445152559402e-40,1.1102230246251565e-16
Erdos-Renyi,1,4,8,1,0.0,6.542621764854278e-30,0.13063236325188854
Erdos-Renyi,1,4,9,0,0.28,0.010376367020151956,0.0038496082405883314
Erdos-Renyi,1,5,0,1,1.0,1.1611696559775192e-32,1.1102230246251565e-16
Erdos-Renyi,1,5,1,1,0.0,8.344621259908942e-33,0.6468613655141979
Erdos-Renyi,1,5,2,1,1.0,4.638582592883513e-62,1.1102230246251565e-16
Erdos-Renyi,1,5,3,0,1.0,2.1038511013545715e-15,0.09909930713290194
Erdos-Renyi,1,5,4,0,1.0,1.555688527705882e-16,5.763589605578545e-11
Erdos-Renyi,1,5,6,0,1.0,0.00023736475249553257,0.15938991451884443
Erdos-Renyi,1,5,7,0,0.0,1.3782630065281686e-107,1.1102230246251565e-16
Erdos-Renyi,1,5,8,1,0.0,8.358266764851821e-41,0.0009860411777530276
Erdos-Renyi,1,5,9,0,1.0,8.88190198543722e-21,1.690334575643604e-07
Erdos-Renyi,1,6,0,1,1.0,3.4753750643950496e-15,3.064090199111913e-05
Erdos-Renyi,1,6,1,1,0.0,1.9667365410698597e-72,1.1102230246251565e-16
Erdos-Renyi,1,6,2,0,1.0,0.9033937166515651,0.42325689465056493
Erdos-Renyi,1,6,3,0,1.0,0.9805229558891879,0.04594230153451073
Erdos-Renyi,1,6,4,0,1.0,1.3454438675716484e-149,0.16931003213889095
Erdos-Renyi,1,6,5,0,1.0,0.0024881415549567135,0.02913752135395753
Erdos-Renyi,1,6,7,0,1.0,6.132722568983716e-14,0.39966779514238515
Erdos-Renyi,1,6,8,1,0.0,2.8026832790540008e-33,0.005546683678457454
Erdos-Renyi,1,6,9,1,0.0,4.2805164723822455e-38,4.694412687689109e-06
Erdos-Renyi,1,7,0,0,1.0,4.518696060645078e-05,2.931800122674133e-07
Erdos-Renyi,1,7,1,0,1.0,1.759257373188481e-06,0.906824889241033
Erdos-Renyi,1,7,2,0,1.0,5.04354345675706e-08,1.1102230246251565e-16
Erdos-Renyi,1,7,3,0,0.0,2.0072238198491681e-22,0.027880315666454325
Erdos-Renyi,1,7,4,0,1.0,2.3977775779555898e-15,1.070667887681509e-09
Erdos-Renyi,1,7,5,0,1.0,0.0007249020121217513,4.5668063475279297e-07
Erdos-Renyi,1,7,6,0,1.0,4.234287258289274e-09,0.06336140580885452
Erdos-Renyi,1,7,8,0,1.0,2.1216974463854336e-34,0.005379215233176415
Erdos-Renyi,1,7,9,0,1.0,0.01686600858709987,0.0016906409871767503
Erdos-Renyi,1,8,0,0,1.0,2.8499154071413504e-05,0.5317281159816516
Erdos-Renyi,1,8,1,1,0.0,2.3603530611120312e-144,0.009219143742245417
Erdos-Renyi,1,8,2,0,1.0,0.5501133086267939,0.9605070803919497
Erdos-Renyi,1,8,3,1,1.0,3.2182282486518925e-238,0.6799426823073218
Erdos-Renyi,1,8,4,0,1.0,0.002270042159335504,0.35017860091859565
Erdos-Renyi,1,8,5,1,0.0,0.6441858685898881,0.60723133492331
Erdos-Renyi,1,8,6,0,1.0,1.0352223170226596e-20,0.026960394492811623
Erdos-Renyi,1,8,7,0,1.0,4.349043760156391e-07,0.4289969536297711
Erdos-Renyi,1,8,9,1,0.0,1.988084721577403e-19,0.017461774102402683
Erdos-Renyi,1,9,0,1,1.0,0.7542190604209721,7.682857949831146e-08
Erdos-Renyi,1,9,1,0,1.0,3.2025170819207135e-61,0.030008969286669185
Erdos-Renyi,1,9,2,0,1.0,6.684014489744779e-33,4.9600767937363344e-11
Erdos-Renyi,1,9,3,0,0.0,3.3058114144001616e-42,0.23980062890294496
Erdos-Renyi,1,9,4,0,1.0,1.1308603298550784e-85,0.00011947448291493856
Erdos-Renyi,1,9,5,0,1.0,0.00021049992508471896,1.2547424210751501e-09
Erdos-Renyi,1,9,6,0,1.0,2.214263001427622e-15,0.0017007031480509305
Erdos-Renyi,1,9,7,0,1.0,3.9571112403743175e-16,3.8186787065797034e-10
Erdos-Renyi,1,9,8,0,1.0,3.7963822498933715e-13,1.292193283486398e-07
Erdos-Renyi,2,0,1,0,0.05,9.239811086339557e-09,4.607062769168557e-06
Erdos-Renyi,2,0,2,0,1.0,1.0544646641345068e-21,0.12696129452778793
Erdos-Renyi,2,0,3,0,1.0,0.8705752470191955,0.01910542127603676
Erdos-Renyi,2,0,4,0,1.0,3.3403356862391585e-05,2.2714650330546426e-05
Erdos-Renyi,2,0,5,0,1.0,6.904667781351548e-37,0.03802989853719885
Erdos-Renyi,2,0,6,0,1.0,3.6241862037562886e-06,0.9472464463110855
Erdos-Renyi,2,0,7,1,1.0,8.914931313971211e-29,0.22828179961662898
Erdos-Renyi,2,0,8,1,0.0,0.37616332217563575,0.011559424885766556
Erdos-Renyi,2,0,9,1,1.0,1.274334382788823e-167,0.031059349463765207
Erdos-Renyi,2,1,0,0,0.0,3.5547848072637853e-242,0.003277768117256996
Erdos-Renyi,2,1,2,0,1.0,9.803418775880783e-63,0.0057088313586552974
Erdos-Renyi,2,1,3,0,1.0,0.05633107109358143,0.6340421682428783
Erdos-Renyi,2,1,4,0,1.0,1.0898981257764639e-06,1.1102230246251565e-16
Erdos-Renyi,2,1,5,0,1.0,2.762498724533324e-14,0.6208613889653456
Erdos-Renyi,2,1,6,0,1.0,1.0161796956650478e-229,0.11306368297431235
Erdos-Renyi,2,1,7,1,1.0,1.4025509667056497e-74,0.0932933947684842
Erdos-Renyi,2,1,8,1,0.0,4.305155029973003e-74,0.2323775193177886
Erdos-Renyi,2,1,9,0,0.07,0.11995984453359496,0.3745740123625604
Erdos-Renyi,2,2,0,0,1.0,3.606975117398536e-21,0.18508491046069497
Erdos-Renyi,2,2,1,0,1.0,4.4483117549062905e-05,0.07063212867637303
Erdos-Renyi,2,2,3,1,1.0,4.66340359734349e-92,1.1102230246251565e-16
Erdos-Renyi,2,2,4,1,1.0,5.3164300857313825e-73,0.351550632884268
Erdos-Renyi,2,2,5,1,0.0,1.8351052038001844e-81,1.1102230246251565e-16
Erdos-Renyi,2,2,6,1,0.0,3.941999432310113e-86,0.12581498733910235
Erdos-Renyi,2,2,7,0,1.0,2.0938272026853178e-10,0.002243620739229235
Erdos-Renyi,2,2,8,1,0.0,0.3314481035687412,1.1102230246251565e-16
Erdos-Renyi,2,2,9,1,1.0,0.5824242599303295,0.12356625043363667
Erdos-Renyi,2,3,0,0,1.0,2.044246678870538e-18,0.4072707831954464
Erdos-Renyi,2,3,1,0,1.0,0.0005011807636078526,0.38020673172427855
Erdos-Renyi,2,3,2,0,1.0,1.7572729130298003e-07,0.02042450230659243
Erdos-Renyi,2,3,4,0,1.0,0.37844799576280275,0.5934252309376111
Erdos-Renyi,2,3,5,1,1.0,1.7544084773783382e-70,1.1102230246251565e-16
Erdos-Renyi,2,3,6,0,1.0,0.12706336538011032,0.02041987915847787
Erdos-Renyi,2,3,7,0,1.0,7.684504834727312e-30,0.0003892077810486727
Erdos-Renyi,2,3,8,1,1.0,0.11697953745576796,0.049848455208806985
Erdos-Renyi,2,3,9,0,1.0,2.5818007160095454e-12,0.059388883952564364
Erdos-Renyi,2,4,0,1,1.0,2.9258294620290654e-236,0.007457504597772169
Erdos-Renyi,2,4,1,1,0.0,2.3993968689755776e-54,1.1102230246251565e-16
Erdos-Renyi,2,4,2,1,0.0,2.9148460402241703e-92,0.2094916150216095
Erdos-Renyi,2,4,3,0,1.0,2.8635717723417723e-11,0.8720819564117217
Erdos-Renyi,2,4,5,0,0.08,0.012156697909539022,0.3890596593535287
Erdos-Renyi,2,4,6,1,1.0,3.382804958535716e-259,0.3810977828356462
Erdos-Renyi,2,4,7,0,1.0,1.0586263655288284e-70,0.35802626594871245
Erdos-Renyi,2,4,8,0,1.0,6.876826719559868e-104,0.24755481328784146
Erdos-Renyi,2,4,9,0,1.0,0.4847822366105299,0.8544385096927456
Erdos-Renyi,2,5,0,1,0.0,4.632954543724948e-169,0.5079480997407527
Erdos-Renyi,2,5,1,0,1.0,5.92755789105365e-22,0.4270595585432676
Erdos-Renyi,2,5,2,0,1.0,6.087823017301917e-10,0.15757740313516266
Erdos-Renyi,2,5,3,1,1.0,1.8159096876547447e-07,1.1102230246251565e-16
Erdos-Renyi,2,5,4,0,1.0,0.8372076604017731,0.8652011722780055
Erdos-Renyi,2,5,6,0,1.0,0.2667985781431261,0.024286937299124456
Erdos-Renyi,2,5,7,0,0.0,5.5638669677111246e-11,0.000353726971202617
Erdos-Renyi,2,5,8,0,1.0,3.882883948028401e-05,0.3305763904138378
Erdos-Renyi,2,5,9,0,1.0,9.44988825017301e-15,0.06740017936532627
Erdos-Renyi,2,6,0,0,1.0,6.02849221879009e-34,0.38191385489676255
Erdos-Renyi,2,6,1,0,1.0,0.060245780804710145,0.48444573333023444
Erdos-Renyi,2,6,2,0,1.0,1.465614612943904e-67,1.1102230246251565e-16
Erdos-Renyi,2,6,3,1,1.0,2.7850083905688436e-73,1.0213041523599031e-10
Erdos-Renyi,2,6,4,0,1.0,1.6101631340593562e-66,0.20798540962438639
Erdos-Renyi,2,6,5,0,1.0,1.664816375127211e-31,3.2169822361538536e-12
Erdos-Renyi,2,6,7,1,0.0,2.194317679615315e-15,0.2069524144661179
Erdos-Renyi,2,6,8,1,1.0,3.391713447232675e-39,1.1102230246251565e-16
Erdos-Renyi,2,6,9,0,1.0,2.7605785643936875e-09,1.1102230246251565e-16
Erdos-Renyi,2,7,0,1,1.0,0.9285824188401646,0.3328530267661578
Erdos-Renyi,2,7,1,0,1.0,2.716727417321331e-29,0.05799508065998471
Erdos-Renyi,2,7,2,0,1.0,0.9282377679894539,0.007363569448102791
Erdos-Renyi,2,7,3,0,0.0,0.004877321680911888,0.1698888553742447
Erdos-Renyi,2,7,4,0,1.0,5.437777733417525e-40,0.014718806990756339
Erdos-Renyi,2,7,5,0,1.0,0.42976377626042583,0.04065863697598826
Erdos-Renyi,2,7,6,0,1.0,8.208226546546371e-13,1.1102230246251565e-16
Erdos-Renyi,2,7,8,0,1.0,7.886651865305562e-09,0.004719602918415444
Erdos-Renyi,2,7,9,1,0.0,5.130187650663929e-54,1.4128670455804127e-09
Erdos-Renyi,2,8,0,0,1.0,1.4479174229887516e-51,0.10400901796927009
Erdos-Renyi,2,8,1,0,1.0,0.000879925543040243,0.15037945808743847
Erdos-Renyi,2,8,2,0,1.0,3.847629018748267e-07,1.1102230246251565e-16
Erdos-Renyi,2,8,3,1,0.0,4.106785632512666e-107,1.1102230246251565e-16
Erdos-Renyi,2,8,4,0,1.0,9.698116508144233e-34,0.11964646645182131
Erdos-Renyi,2,8,5,1,0.0,3.1232757777425895e-109,1.1102230246251565e-16
Erdos-Renyi,2,8,6,0,1.0,4.933200331389414e-15,0.16233709371064664
Erdos-Renyi,2,8,7,0,0.0,8.458226076756103e-46,0.005037207607587413
Erdos-Renyi,2,8,9,1,0.0,0.9966666021048292,0.24658892780648156
Erdos-Renyi,2,9,0,0,1.0,1.5450216649307694e-13,0.24551501743528414
Erdos-Renyi,2,9,1,0,1.0,0.023715796044207003,0.03063111792562978
Erdos-Renyi,2,9,2,1,0.0,4.192195989755181e-07,1.1102230246251565e-16
Erdos-Renyi,2,9,3,1,1.0,2.77315360582272e-07,1.1102230246251565e-16
Erdos-Renyi,2,9,4,0,1.0,4.618454815710185e-45,0.0627391290063124
Erdos-Renyi,2,9,5,0,1.0,7.925216803499851e-84,1.1102230246251565e-16
Erdos-Renyi,2,9,6,1,0.0,0.00012115083675839616,1.191589049653885e-10
Erdos-Renyi,2,9,7,0,1.0,8.21227940538496e-39,0.049434851722111484
Erdos-Renyi,2,9,8,1,0.0,0.004083638882974961,1.1102230246251565e-16
Erdos-Renyi,3,0,1,1,0.0,2.846516622272582e-06,0.7668960280398408
Erdos-Renyi,3,0,2,0,1.0,2.1673381325377656e-10,0.2526695878211046
Erdos-Renyi,3,0,3,1,0.07,2.1907885892776097e-07,0.006516663846604875
Erdos-Renyi,3,0,4,0,1.0,1.3568917249724149e-58,0.5476191771850835
Erdos-Renyi,3,0,5,0,0.345,3.1539897379418477e-35,0.1036689524792821
Erdos-Renyi,3,0,6,0,1.0,0.10784763226689949,0.9912232587418737
Erdos-Renyi,3,0,7,0,1.0,2.3890820733540807e-16,0.7948650671400856
Erdos-Renyi,3,0,8,0,1.0,1.4592360899868803e-21,0.2202217824674394
Erdos-Renyi,3,0,9,1,0.0,2.019614609968945e-39,1.1102230246251565e-16
Erdos-Renyi,3,1,0,0,0.03,5.670114531281713e-10,3.929998881879726e-09
Erdos-Renyi,3,1,2,0,1.0,2.354511542843488e-13,1.1102230246251565e-16
Erdos-Renyi,3,1,3,0,1.0,2.024031940402696e-18,0.47059232889014335
Erdos-Renyi,3,1,4,1,1.0,4.627142385370429e-51,0.6078111526935056
Erdos-Renyi,3,1,5,0,1.0,0.01105640415667481,0.07467939284814795
Erdos-Renyi,3,1,6,0,1.0,0.04522529452335941,1.1102230246251565e-16
Erdos-Renyi,3,1,7,0,1.0,0.7366326174614672,1.1102230246251565e-16
Erdos-Renyi,3,1,8,0,1.0,1.524186297718503e-12,1.1102230246251565e-16
Erdos-Renyi,3,1,9,1,1.0,0.0025165399432250215,1.7818212683096135e-08
Erdos-Renyi,3,2,0,1,1.0,8.626987280418149e-44,6.064482249712455e-12
Erdos-Renyi,3,2,1,0,1.0,1.431501165076319e-64,1.1102230246251565e-16
Erdos-Renyi,3,2,3,0,1.0,4.491497683262908e-35,0.35286559313113486
Erdos-Renyi,3,2,4,0,0.0,2.4376639810996085e-53,0.7932198375459093
Erdos-Renyi,3,2,5,0,0.0,1.3687910967440376e-29,0.2251548967660455
Erdos-Renyi,3,2,6,0,1.0,1.6172758967734297e-25,5.026745686365075e-11
Erdos-Renyi,3,2,7,1,0.0,5.0325605464138465e-12,1.1102230246251565e-16
Erdos-Renyi,3,2,8,0,1.0,7.705699244333959e-31,1.1102230246251565e-16
Erdos-Renyi,3,2,9,0,1.0,0.019614276987448307,2.574687130163511e-10
Erdos-Renyi,3,3,0,0,1.0,1.4042970435314452e-17,0.03281308691132423
Erdos-Renyi,3,3,1,0,1.0,0.00011973271333664556,7.599409990177719e-11
Erdos-Renyi,3,3,2,1,1.0,2.8479452681429866e-24,3.841386098102362e-09
Erdos-Renyi,3,3,4,0,1.0,2.5176244245865592e-14,0.01563532686204705
Erdos-Renyi,3,3,5,1,0.0,6.839294058296615e-30,1.1102230246251565e-16
Erdos-Renyi,3,3,6,0,1.0,1.0558993929152714e-37,9.547918011776346e-14
Erdos-Renyi,3,3,7,0,1.0,2.5716325072928106e-19,1.1847153160715607e-05
Erdos-Renyi,3,3,8,0,1.0,9.171574025607158e-25,8.159963753029409e-06
Erdos-Renyi,3,3,9,0,1.0,0.006146164510611928,0.02764382476075189
Erdos-Renyi,3,4,0,1,1.0,1.6323342296516873e-74,0.3677382702016553
Erdos-Renyi,3,4,1,1,0.0,2.3139879148871774e-146,0.12566090148779963
Erdos-Renyi,3,4,2,0,1.0,2.5726059759848638e-06,0.022267527904890172
Erdos-Renyi,3,4,3,0,1.0,0.014323441523784617,0.0031936091877240447
Erdos-Renyi,3,4,5,0,1.0,5.9465232628225415e-06,0.0009720131363005757
Erdos-Renyi,3,4,6,0,1.0,1.3715986906116984e-05,0.009038689445576287
Erdos-Renyi,3,4,7,0,1.0,1.613188484424777e-08,0.038177614432229334
Erdos-Renyi,3,4,8,0,1.0,0.9992496079372206,0.021165923804414843
Erdos-Renyi,3,4,9,0,1.0,4.494687935127873e-16,0.6510929683632957
Erdos-Renyi,3,5,0,0,1.0,1.5786598639222393e-12,0.0026940243837207944
Erdos-Renyi,3,5,1,1,0.0,1.6025669997736954e-62,1.1102230246251565e-16
Erdos-Renyi,3,5,2,0,1.0,4.104196220100657e-31,2.942091015256665e-14
Erdos-Renyi,3,5,3,1,0.015,1.3676441020364482e-17,0.03855687157730947
Erdos-Renyi,3,5,4,0,1.0,0.001113600896560899,0.1315671802243117
Erdos-Renyi,3,5,6,1,1.0,2.680186192354556e-13,1.1102230246251565e-16
Erdos-Renyi,3,5,7,1,1.0,2.4678389573613735e-29,1.7195914692180736e-08
Erdos-Renyi,3,5,8,1,1.0,4.076516460806271e-14,3.4946557869730555e-09
Erdos-Renyi,3,5,9,0,1.0,2.7649641897123413e-08,0.0026421807756761284
Erdos-Renyi,3,6,0,0,1.0,8.49292729662111e-18,8.747510926720992e-08
Erdos-Renyi,3,6,1,1,1.0,4.9908667829311975e-25,1.1102230246251565e-16
Erdos-Renyi,3,6,2,0,1.0,0.021962004090476772,1.1102230246251565e-16
Erdos-Renyi,3,6,3,0,1.0,0.0045246277521901,0.6831631355163712
Erdos-Renyi,3,6,4,0,0.035,0.9419035973908001,0.6436173607815865
Erdos-Renyi,3,6,5,0,1.0,0.626221887451627,0.014180490610969931
Erdos-Renyi,3,6,7,1,1.0,1.482992815033651e-16,1.1102230246251565e-16
Erdos-Renyi,3,6,8,1,0.0,4.162896121161205e-15,1.1102230246251565e-16
Erdos-Renyi,3,6,9,0,1.0,0.9780507331426141,5.823220952105856e-07
Erdos-Renyi,3,7,0,0,1.0,0.8957272202180182,1.1102230246251565e-16
Erdos-Renyi,3,7,1,0,0.065,1.0905616396504071e-76,0.011780580966961662
Erdos-Renyi,3,7,2,0,1.0,8.579558732733805e-16,0.7150345212537504
Erdos-Renyi,3,7,3,1,0.2,2.0392423239043953e-20,0.09911329284970494
Erdos-Renyi,3,7,4,1,1.0,9.965454823687827e-62,0.5080475065838992
Erdos-Renyi,3,7,5,0,1.0,1.504690187157031e-08,0.9176625767045573
Erdos-Renyi,3,7,6,0,1.0,7.796193626296337e-17,0.007447683340250921
Erdos-Renyi,3,7,8,1,1.0,6.225166699604991e-34,1.1102230246251565e-16
Erdos-Renyi,3,7,9,0,1.0,0.042222875353428405,1.1102230246251565e-16
Erdos-Renyi,3,8,0,0,1.0,0.001995967899675481,1.1102230246251565e-16
Erdos-Renyi,3,8,1,1,1.0,2.9432824195609103e-79,0.0013131788167518588
Erdos-Renyi,3,8,2,1,0.0,4.256996796000099e-25,0.4678399473436059
Erdos-Renyi,3,8,3,0,1.0,9.624235905593503e-08,0.14738339946621903
Erdos-Renyi,3,8,4,0,0.0,1.0652573380547372e-48,0.5144492674418639
Erdos-Renyi,3,8,5,1,1.0,3.0038735442803096e-23,0.844254431018636
Erdos-Renyi,3,8,6,1,0.0,6.217491645581121e-33,0.03835067444531326
Erdos-Renyi,3,8,7,1,1.0,9.447574383912862e-29,1.1102230246251565e-16
Erdos-Renyi,3,8,9,0,1.0,5.25310688079322e-07,5.440092820663267e-15
Erdos-Renyi,3,9,0,0,1.0,0.07590510648135111,1.1102230246251565e-16
Erdos-Renyi,3,9,1,0,1.0,0.10102893592519567,0.9271713957165573
Erdos-Renyi,3,9,2,1,1.0,3.4005655996113207e-15,0.1569226841714123
Erdos-Renyi,3,9,3,0,1.0,0.0018211171037001883,0.004930150874601802
Erdos-Renyi,3,9,4,1,0.0,4.482302877065099e-112,0.15269912678131092
Erdos-Renyi,3,9,5,1,0.03,8.343445283129476e-09,0.06378307818499163
Erdos-Renyi,3,9,6,0,1.0,2.68976502287416e-16,0.7132298108709163
Erdos-Renyi,3,9,7,1,1.0,5.986966964073132e-20,0.9328244864520441
Erdos-Renyi,3,9,8,1,0.0,5.120431590209595e-19,0.39769615064672903
Erdos-Renyi,4,0,1,0,1.0,1.3566556072407276e-05,0.5373823020925113
Erdos-Renyi,4,0,2,0,1.0,1.81322979594703e-09,0.11987029273772065
Erdos-Renyi,4,0,3,0,1.0,7.917509234627304e-06,0.3076488510520965
Erdos-Renyi,4,0,4,0,1.0,0.0031374134907650605,0.9912665006295559
Erdos-Renyi,4,0,5,0,0.01,1.0456715964293257e-06,0.8162649036098923
Erdos-Renyi,4,0,6,1,0.0,2.491744342940925e-34,0.953532248760578
Erdos-Renyi,4,0,7,0,1.0,0.013429764429836849,0.7644537805145503
Erdos-Renyi,4,0,8,0,1.0,0.022136624083200995,0.7971377164715583
Erdos-Renyi,4,0,9,0,1.0,5.627533962179191e-13,0.18820916585743452
Erdos-Renyi,4,1,0,0,1.0,5.011321764579426e-162,0.045164896806463184
Erdos-Renyi,4,1,2,1,0.0,6.313473716765582e-240,0.8659703243778002
Erdos-Renyi,4,1,3,0,0.085,7.205029205086596e-78,0.18896133821033367
Erdos-Renyi,4,1,4,1,1.0,0.4193888109566203,4.6727549406599955e-05
Erdos-Renyi,4,1,5,0,1.0,4.790867637786445e-20,0.5004736227211144
Erdos-Renyi,4,1,6,0,1.0,9.045574622238807e-44,1.1792899989870875e-10
Erdos-Renyi,4,1,7,0,0.095,0.4270829067312214,0.9262387661822005
Erdos-Renyi,4,1,8,0,1.0,0.002618375186006944,0.5765462925163951
Erdos-Renyi,4,1,9,0,0.025,1.5997106488128668e-128,1.1102230246251565e-16
Erdos-Renyi,4,2,0,0,0.0,0.0009572824433558628,0.8138551957271567
Erdos-Renyi,4,2,1,0,1.0,0.0050673409515693945,0.4702720897453041
Erdos-Renyi,4,2,3,0,1.0,0.0022819157372723675,0.25011928263649075
Erdos-Renyi,4,2,4,1,1.0,1.2643237143583669e-57,0.2866761094027904
Erdos-Renyi,4,2,5,1,1.0,1.5805142212119552e-57,0.7502968612396805
Erdos-Renyi,4,2,6,0,1.0,0.27078722974574426,0.7890329018570068
Erdos-Renyi,4,2,7,0,0.05,0.0018962922509944604,0.9007987700541153
Erdos-Renyi,4,2,8,1,1.0,3.710598769163183e-220,0.2398116529878761
Erdos-Renyi,4,2,9,0,1.0,8.287369853303961e-15,0.3095877892867773
Erdos-Renyi,4,3,0,0,1.0,1.4381048744778084e-77,0.016596430082028157
Erdos-Renyi,4,3,1,0,1.0,2.9705444023102003e-30,0.04791126522292122
Erdos-Renyi,4,3,2,0,0.18,8.099774508872637e-07,0.252177438796901
Erdos-Renyi,4,3,4,1,0.0,1.910389345733075e-65,0.15840032558325357
Erdos-Renyi,4,3,5,0,0.0,8.327158916576438e-09,0.6280325896869611
Erdos-Renyi,4,3,6,0,1.0,3.746291504348686e-11,0.31231207180903875
Erdos-Renyi,4,3,7,1,0.0,4.067092610056524e-119,0.5176721326307934
Erdos-Renyi,4,3,8,0,1.0,0.0020862719661270098,0.4797693063854884
Erdos-Renyi,4,3,9,0,1.0,0.993359171859433,0.7214427447547063
Erdos-Renyi,4,4,0,0,1.0,1.7905792706653533e-44,0.000592263563387152
Erdos-Renyi,4,4,1,1,1.0,5.42035894439891e-78,1.1102230246251565e-16
Erdos-Renyi,4,4,2,0,1.0,3.5127109625335363e-215,0.1801722487513414
Erdos-Renyi,4,4,3,1,0.0,1.4248054577702224e-188,0.4719981250639981
Erdos-Renyi,4,4,5,0,0.0,0.9923182673020903,0.11427450964655506
Erdos-Renyi,4,4,6,1,1.0,3.474228471670295e-10,0.00020311975837039586
Erdos-Renyi,4,4,7,0,0.015,0.9719934615377626,0.19026831399754995
Erdos-Renyi,4,4,8,0,1.0,0.006524758182814337,0.2892132142053385
Erdos-Renyi,4,4,9,1,0.0,1.638249475326126e-170,4.336060743792558e-08
Erdos-Renyi,4,5,0,0,1.0,0.13758883021008791,0.711545049774188
Erdos-Renyi,4,5,1,0,0.0,0.03835614971867354,0.0019246471791257713
Erdos-Renyi,4,5,2,0,1.0,2.7614233981734326e-13,0.1435275843817858
Erdos-Renyi,4,5,3,0,1.0,1.0839006678870275e-09,0.6081381078829842
Erdos-Renyi,4,5,4,0,1.0,0.6201155415812233,0.016782949865103314
Erdos-Renyi,4,5,6,0,1.0,0.41703983078877904,0.09991351763669598
Erdos-Renyi,4,5,7,0,1.0,0.023816377846471486,0.6416669879574013
Erdos-Renyi,4,5,8,0,0.06,0.002441414570670434,0.31828611326871536
Erdos-Renyi,4,5,9,0,1.0,0.5737746301989941,0.27692164326930546
Erdos-Renyi,4,6,0,1,1.0,0.0,0.7619979877194747
Erdos-Renyi,4,6,1,0,1.0,1.794164953828112e-15,0.07248752713589468
Erdos-Renyi,4,6,2,0,1.0,2.671822851951864e-32,0.45930677054672664
Erdos-Renyi,4,6,3,0,1.0,0.0697353987219907,0.017350827550820513
Erdos-Renyi,4,6,4,0,1.0,0.16279668537004274,0.23090940571692375
Erdos-Renyi,4,6,5,1,0.0,1.0856055656313341e-46,0.31834080905260376
Erdos-Renyi,4,6,7,0,1.0,0.0014771408799664509,0.7617001790735657
Erdos-Renyi,4,6,8,0,1.0,0.6555199018848462,0.6606035587474863
Erdos-Renyi,4,6,9,1,0.0,5.26150826741282e-66,1.4437250617227448e-08
Erdos-Renyi,4,7,0,0,1.0,4.7906881492225483e-14,0.23505884528738508
Erdos-Renyi,4,7,1,0,1.0,9.229434998270473e-16,0.16678207018259172
Erdos-Renyi,4,7,2,0,1.0,0.16217407139774737,0.4893635261916637
Erdos-Renyi,4,7,3,1,0.0,2.5658418701475704e-30,0.006441281467992499
Erdos-Renyi,4,7,4,0,1.0,0.006339862238743463,0.5446724619527195
Erdos-Renyi,4,7,5,0,0.0,0.6104651070541796,0.6331102565658817
Erdos-Renyi,4,7,6,0,1.0,6.5312737180299e-05,0.9714194934686149
Erdos-Renyi,4,7,8,0,0.0,2.6988737513831193e-21,1.1102230246251565e-16
Erdos-Renyi,4,7,9,0,1.0,6.839462483960182e-07,0.000381571932051572
Erdos-Renyi,4,8,0,0,1.0,4.416520425757703e-05,0.20971072678586866
Erdos-Renyi,4,8,1,0,1.0,1.1919412445641204e-16,0.10992691865179627
Erdos-Renyi,4,8,2,0,0.0,0.4834886320733718,0.31475271567635543
Erdos-Renyi,4,8,3,0,0.0,3.6889510424084486e-37,0.019339476498084207
Erdos-Renyi,4,8,4,0,1.0,0.5508564235158099,0.9420049203603058
Erdos-Renyi,4,8,5,0,0.0,1.2812662907445626e-07,0.2708651145557899
Erdos-Renyi,4,8,6,0,1.0,1.2757362282765255e-07,0.7930118378513833
Erdos-Renyi,4,8,7,1,0.0,1.7460047066387948e-23,2.0945467582578203e-12
Erdos-Renyi,4,8,9,1,0.0,0.7081661551676439,0.0003997775333129949
Erdos-Renyi,4,9,0,0,1.0,0.0,0.9956232859072918
Erdos-Renyi,4,9,1,1,0.0,1.2650053506843424e-27,0.21493173044126967
Erdos-Renyi,4,9,2,0,0.0,2.7358829363306193e-28,0.21632580971303816
Erdos-Renyi,4,9,3,0,0.42,1.4927570793489222e-07,0.0029656207410216906
Erdos-Renyi,4,9,4,0,1.0,4.348185917255768e-09,0.3699117812367766
Erdos-Renyi,4,9,5,0,1.0,1.2853210941980567e-67,0.7472330459827522
Erdos-Renyi,4,9,6,1,1.0,2.1731755355100306e-08,1.1102230246251565e-16
Erdos-Renyi,4,9,7,0,1.0,0.06856115964027994,0.409880476404187
Erdos-Renyi,4,9,8,0,1.0,0.5318754945746714,0.29409027525519105
