timestamp,bg_checks,anti_reg,pro_reg
2019-09-15,46741,1,0
2019-09-16,69574,0,0
2019-09-17,85434,0,0
2019-09-18,83936,0,0
2019-09-19,75939,0,0
2019-09-20,82537,0,0
2019-09-21,87408,0,0
2019-09-22,52315,0,0
2019-09-23,69119,0,0
2019-09-24,67047,0,0
2019-09-25,77452,0,0
2019-09-26,89485,0,0
2019-09-27,96958,0,0
2019-09-28,70542,0,0
2019-09-29,46255,0,0
2019-09-30,80489,0,0
2019-10-01,79071,0,0
2019-10-02,78158,0,0
2019-10-03,84153,0,0
2019-10-04,107470,0,0
2019-10-05,80808,0,0
2019-10-06,47428,0,0
2019-10-07,71648,0,0
2019-10-08,81686,0,0
2019-10-09,86380,0,0
2019-10-10,81209,0,0
2019-10-11,86496,0,0
2019-10-12,81653,0,0
2019-10-13,41676,0,0
2019-10-14,73651,0,0
2019-10-15,71350,0,0
2019-10-16,74652,0,0
2019-10-17,76452,0,0
2019-10-18,103349,0,0
2019-10-19,75635,0,0
2019-10-20,37840,0,0
2019-10-21,85661,0,0
2019-10-22,88457,0,0
2019-10-23,75521,0,0
2019-10-24,72678,0,0
2019-10-25,100059,0,0
2019-10-26,85071,0,0
2019-10-27,44007,0,0
2019-10-28,65146,0,0
2019-10-29,86293,0,0
2019-10-30,90948,0,0
2019-10-31,79003,0,0
2019-11-01,93843,0,0
2019-11-02,71705,0,0
2019-11-03,47110,0,0
2019-11-04,87929,0,0
2019-11-05,74464,0,0
2019-11-06,63875,0,0
2019-11-07,80541,0,0
2019-11-08,99060,0,0
2019-11-09,88166,0,0
2019-11-10,63003,0,0
2019-11-11,66195,0,0
2019-11-12,78387,0,0
2019-11-13,85476,0,0
2019-11-14,96159,0,0
2019-11-15,104885,0,0
2019-11-16,82919,0,0
2019-11-17,41962,0,0
2019-11-18,89619,0,0
2019-11-19,90745,0,0
2019-11-20,79980,0,0
2019-11-21,86328,0,0
2019-11-22,111276,0,0
2019-11-23,90668,0,0
2019-11-24,53219,0,0
2019-11-25,82143,0,0
2019-11-26,93177,0,0
2019-11-27,116161,0,0
2019-11-28,58478,0,0
2019-11-29,202465,0,0
2019-11-30,94814,0,0
2019-12-01,44924,0,0
2019-12-02,74926,0,0
2019-12-03,86895,0,0
2019-12-04,98037,0,0
2019-12-05,104510,0,0
2019-12-06,113664,0,0
2019-12-07,86657,0,0
2019-12-08,65590,0,0
2019-12-09,99520,0,0
2019-12-10,101998,0,0
2019-12-11,84173,0,0
2019-12-12,106322,0,0
2019-12-13,129199,0,0
2019-12-14,120983,0,0
2019-12-15,53983,0,0
2019-12-16,94893,0,0
2019-12-17,111474,0,0
2019-12-18,113911,0,0
2019-12-19,107347,0,0
2019-12-20,136232,0,0
2019-12-21,132941,0,0
2019-12-22,76761,0,0
2019-12-23,129452,0,0
2019-12-24,91627,0,0
2019-12-25,26215,0,0
2019-12-26,101489,0,0
2019-12-27,108715,0,0
2019-12-28,85730,0,0
2019-12-29,56315,0,0
2019-12-30,101138,0,0
2019-12-31,91273,0,0
2020-01-01,48648,0,0
2020-01-02,97072,0,0
2020-01-03,113612,0,0
2020-01-04,97352,0,0
2020-01-05,52430,0,0
2020-01-06,87121,0,2
2020-01-07,95112,0,0
2020-01-08,102324,0,0
2020-01-09,97245,0,0
2020-01-10,107002,0,0
2020-01-11,93550,0,0
2020-01-12,52726,0,0
2020-01-13,60803,0,0
2020-01-14,79050,0,0
2020-01-15,87007,0,0
2020-01-16,99995,1,0
2020-01-17,110055,0,0
2020-01-18,91849,0,0
2020-01-19,50109,0,0
2020-01-20,74571,0,0
2020-01-21,95927,0,0
2020-01-22,82998,0,0
2020-01-23,105428,0,0
2020-01-24,121091,0,0
2020-01-25,102294,0,0
2020-01-26,44786,0,0
2020-01-27,89194,0,0
2020-01-28,92693,0,0
2020-01-29,85801,0,0
2020-01-30,76692,0,0
2020-01-31,108165,0,0
2020-02-01,112032,0,0
2020-02-02,55599,0,0
2020-02-03,73246,0,0
2020-02-04,85196,0,0
2020-02-05,89849,0,0
2020-02-06,100192,0,0
2020-02-07,103943,0,0
2020-02-08,92749,0,0
2020-02-09,53761,0,0
2020-02-10,92708,0,0
2020-02-11,96213,0,0
2020-02-12,89375,0,0
2020-02-13,102971,0,0
2020-02-14,111815,0,3
2020-02-15,95574,0,0
2020-02-16,61779,0,0
2020-02-17,81955,0,0
2020-02-18,96726,0,0
2020-02-19,90155,0,0
2020-02-20,99768,0,0
2020-02-21,117024,0,0
2020-02-22,108763,0,0
2020-02-23,54535,0,0
2020-02-24,96057,0,0
2020-02-25,107735,0,0
2020-02-26,134384,0,0
2020-02-27,125812,1,0
2020-02-28,142399,0,0
2020-02-29,130152,0,0
2020-03-01,60682,0,0
2020-03-02,110673,0,0
2020-03-03,100686,0,0
2020-03-04,109464,0,0
2020-03-05,107295,0,0
2020-03-06,120875,0,0
2020-03-07,114470,0,0
2020-03-08,48167,0,0
2020-03-09,89307,0,0
2020-03-10,95460,0,0
2020-03-11,102321,0,2
2020-03-12,129574,0,0
2020-03-13,164448,0,0
2020-03-14,163663,0,0
2020-03-15,94302,0,0
2020-03-16,176233,0,0
2020-03-17,180192,0,0
2020-03-18,178555,0,0
2020-03-19,185742,0,0
2020-03-20,210308,0,0
2020-03-21,185751,0,0
2020-03-22,81007,0,0
2020-03-23,143316,0,0
2020-03-24,120972,0,0
2020-03-25,114080,0,0
2020-03-26,108502,0,0
2020-03-27,115653,0,0
2020-03-28,99242,0,0
2020-03-29,44010,18,0
2020-03-30,91332,0,0
2020-03-31,94406,0,0
2020-04-01,107636,0,0
2020-04-02,98324,0,0
2020-04-03,117105,0,0
2020-04-04,92960,0,0
2020-04-05,42193,0,0
2020-04-06,88599,0,0
2020-04-07,74758,0,0
2020-04-08,87100,0,0
2020-04-09,89401,0,0
2020-04-10,99015,0,22
2020-04-11,80184,0,0
2020-04-12,24551,0,0
2020-04-13,80454,0,0
2020-04-14,90320,0,0
2020-04-15,151532,2,0
2020-04-16,135050,0,0
2020-04-17,141008,1,0
2020-04-18,121527,0,0
2020-04-19,46848,0,0
2020-04-20,102963,0,0
2020-04-21,105326,0,0
2020-04-22,107635,0,0
2020-04-23,116360,0,0
2020-04-24,125896,0,0
2020-04-25,101982,0,0
2020-04-26,50124,0,0
2020-04-27,105224,0,2
2020-04-28,100811,1,0
2020-04-29,114041,0,0
2020-04-30,112201,0,0
2020-05-01,135075,0,0
2020-05-02,106468,2,0
2020-05-03,50872,0,0
2020-05-04,102891,0,0
2020-05-05,95782,1,0
2020-05-06,109501,0,0
2020-05-07,113206,0,0
2020-05-08,121636,0,0
2020-05-09,111519,0,0
2020-05-10,48208,0,0
2020-05-11,101513,1,0
2020-05-12,108409,0,0
2020-05-13,112943,0,0
2020-05-14,113908,0,0
2020-05-15,124956,0,0
2020-05-16,102613,0,0
2020-05-17,52900,0,0
2020-05-18,100990,0,0
2020-05-19,109693,0,0
2020-05-20,110049,0,0
2020-05-21,112298,0,0
2020-05-22,117517,1,0
2020-05-23,93922,0,0
2020-05-24,47402,0,0
2020-05-25,60225,18,0
2020-05-26,106928,0,0
2020-05-27,103774,0,0
2020-05-28,111160,0,0
2020-05-29,122831,0,0
2020-05-30,114917,0,0
2020-05-31,67349,0,0
2020-06-01,146404,0,0
2020-06-02,160430,0,0
2020-06-03,164684,0,0
2020-06-04,152806,0,0
2020-06-05,161627,0,0
2020-06-06,144333,0,0
2020-06-07,74514,0,0
2020-06-08,127463,2,0
2020-06-09,140672,0,0
2020-06-10,136643,0,0
2020-06-11,140985,0,0
2020-06-12,149699,0,0
2020-06-13,132193,0,0
2020-06-14,70190,0,0
2020-06-15,129431,0,0
2020-06-16,125938,0,0
2020-06-17,141076,2,0
2020-06-18,146278,0,0
2020-06-19,152346,0,0
2020-06-20,136530,0,0
2020-06-21,70853,1,0
2020-06-22,126062,0,0
2020-06-23,136133,0,0
2020-06-24,140091,0,0
2020-06-25,139191,0,0
2020-06-26,146855,0,0
2020-06-27,131167,0,0
2020-06-28,53886,0,0
2020-06-29,126352,2,0
2020-06-30,126775,0,0
2020-07-01,139297,0,0
2020-07-02,143685,0,0
2020-07-03,139197,0,0
2020-07-04,70128,0,0
2020-07-05,64062,0,2
2020-07-06,125173,0,0
2020-07-07,127008,2,0
2020-07-08,135562,0,0
2020-07-09,133058,0,2
2020-07-10,143220,0,0
2020-07-11,116040,0,0
2020-07-12,70290,0,2
2020-07-13,121822,0,0
2020-07-14,132352,0,0
2020-07-15,134805,0,0
2020-07-16,128620,0,0
2020-07-17,144769,0,1
2020-07-18,115173,0,0
2020-07-19,67060,0,0
2020-07-20,121240,0,0
2020-07-21,133158,0,0
2020-07-22,92529,1,0
2020-07-23,128614,0,0
2020-07-24,135762,0,0
2020-07-25,114279,0,0
2020-07-26,63751,1,0
2020-07-27,107689,0,0
2020-07-28,119068,1,0
2020-07-29,122624,0,0
2020-07-30,120635,0,0
2020-07-31,128554,0,0
2020-08-01,112847,1,0
2020-08-02,59499,0,0
2020-08-03,109418,0,0
2020-08-04,105111,0,0
2020-08-05,113746,0,0
2020-08-06,116782,0,2
2020-08-07,128867,0,0
2020-08-08,106337,0,0
2020-08-09,56009,0,0
2020-08-10,86499,0,0
2020-08-11,112431,0,0
2020-08-12,113144,0,0
2020-08-13,118324,0,2
2020-08-14,118625,0,1
2020-08-15,115520,0,0
2020-08-16,56166,0,0
2020-08-17,102032,0,0
2020-08-18,113069,0,0
2020-08-19,122117,0,0
2020-08-20,95493,0,0
2020-08-21,110142,0,0
2020-08-22,101082,0,0
2020-08-23,52290,0,0
2020-08-24,93305,0,0
2020-08-25,103542,0,0
2020-08-26,103250,0,0
2020-08-27,100126,0,0
2020-08-28,121666,0,0
2020-08-29,113850,0,0
2020-08-30,55377,0,0
2020-08-31,98397,0,0
2020-09-01,106662,1,0
2020-09-02,108137,0,0
2020-09-03,114786,0,0
2020-09-04,126183,0,0
2020-09-05,95287,0,0
2020-09-06,49520,0,0
2020-09-07,49949,0,0
2020-09-08,100927,0,0
2020-09-09,100156,0,0
2020-09-10,102757,0,0
2020-09-11,115456,0,2
2020-09-12,98566,0,0
2020-09-13,50024,0,0
2020-09-14,92741,0,0
2020-09-15,101216,0,4
2020-09-16,101775,0,0
2020-09-17,105486,0,0
2020-09-18,122511,0,0
2020-09-19,100225,0,0
2020-09-20,52242,0,1
2020-09-21,96139,0,0
2020-09-22,107613,0,0
2020-09-23,104555,0,0
2020-09-24,112166,0,0
2020-09-25,120511,0,0
2020-09-26,101665,0,0
2020-09-27,49421,0,0
2020-09-28,95693,0,0
2020-09-29,105189,0,0
2020-09-30,104557,0,0
2020-10-01,116043,0,0
2020-10-02,125275,0,0
2020-10-03,104679,0,0
2020-10-04,53587,0,0
2020-10-05,100173,0,0
2020-10-06,102710,0,0
2020-10-07,104351,0,0
2020-10-08,104965,0,0
2020-10-09,119046,0,0
2020-10-10,102580,0,0
2020-10-11,54137,0,0
2020-10-12,86695,0,0
2020-10-13,104215,0,0
2020-10-14,107086,0,0
2020-10-15,103950,2,0
2020-10-16,122272,0,0
2020-10-17,105762,0,0
2020-10-18,57170,0,0
2020-10-19,105289,0,0
2020-10-20,114998,0,0
2020-10-21,110959,0,0
2020-10-22,120814,0,0
2020-10-23,135041,0,0
2020-10-24,110683,0,0
2020-10-25,67297,0,0
2020-10-26,111046,0,0
2020-10-27,123933,0,4
2020-10-28,120679,0,0
2020-10-29,128850,0,0
2020-10-30,153633,0,0
2020-10-31,127547,0,0
2020-11-01,66738,0,2
2020-11-02,124321,0,0
2020-11-03,145834,0,0
2020-11-04,137331,0,0
2020-11-05,134559,0,0
2020-11-06,157917,0,0
2020-11-07,154061,0,0
2020-11-08,82650,0,0
2020-11-09,131210,0,0
2020-11-10,138499,0,0
2020-11-11,112335,0,0
2020-11-12,128007,0,0
2020-11-13,145698,0,0
2020-11-14,129170,0,0
2020-11-15,74526,0,0
2020-11-16,121538,0,0
2020-11-17,128893,0,2
2020-11-18,123541,0,0
2020-11-19,117336,0,0
2020-11-20,146343,0,0
2020-11-21,123557,0,0
2020-11-22,72850,0,0
2020-11-23,112981,0,18
2020-11-24,130334,0,0
2020-11-25,144844,0,0
2020-11-26,47706,0,0
2020-11-27,186645,0,0
2020-11-28,117508,0,0
2020-11-29,65606,0,0
2020-11-30,123797,0,0
2020-12-01,121889,0,0
2020-12-02,114260,0,0
2020-12-03,118114,1,0
2020-12-04,137699,0,0
2020-12-05,124941,0,0
2020-12-06,62539,0,0
2020-12-07,120273,0,0
2020-12-08,127355,0,0
2020-12-09,128232,0,0
2020-12-10,135975,0,0
2020-12-11,163501,0,0
2020-12-12,145300,2,0
2020-12-13,84571,0,0
2020-12-14,131386,0,0
2020-12-15,144941,0,1
2020-12-16,142236,0,0
2020-12-17,133914,0,20
2020-12-18,169764,0,0
2020-12-19,156763,1,0
2020-12-20,94466,0,0
2020-12-21,146331,0,0
2020-12-22,159301,2,0
2020-12-23,171888,0,0
2020-12-24,123383,0,0
2020-12-25,63807,0,0
2020-12-26,102547,0,0
2020-12-27,66104,18,0
2020-12-28,124743,0,0
2020-12-29,145965,1,0
2020-12-30,139303,0,0
2020-12-31,135575,0,0
2021-01-01,94383,0,0
2021-01-02,141585,0,0
2021-01-03,63957,0,0
2021-01-04,140523,0,0
2021-01-05,146604,20,1
2021-01-06,170041,0,0
2021-01-07,164364,0,0
2021-01-08,180805,0,0
2021-01-09,180081,0,0
2021-01-10,89402,0,0
2021-01-11,155104,0,0
2021-01-12,163376,2,0
2021-01-13,170240,0,0
2021-01-14,156142,0,0
2021-01-15,183264,0,0
2021-01-16,171806,0,0
2021-01-17,82517,0,0
2021-01-18,129054,1,0
2021-01-19,144099,0,0
2021-01-20,152383,0,0
2021-01-21,162694,0,0
2021-01-22,170521,0,0
2021-01-23,153787,0,0
2021-01-24,64099,0,0
2021-01-25,140027,0,0
2021-01-26,138221,0,0
2021-01-27,128853,0,0
2021-01-28,139537,0,0
2021-01-29,154386,0,0
2021-01-30,132966,0,0
2021-01-31,52983,0,0
2021-02-01,121725,0,0
2021-02-02,125067,0,0
2021-02-03,124914,0,0
2021-02-04,134351,0,0
2021-02-05,141893,0,0
2021-02-06,146233,0,0
2021-02-07,61284,0,0
2021-02-08,127961,0,0
2021-02-09,136900,0,0
2021-02-10,140769,0,0
2021-02-11,138330,0,0
2021-02-12,154663,1,0
2021-02-13,133378,0,0
2021-02-14,69693,0,0
2021-02-15,94087,1,0
2021-02-16,119186,0,0
2021-02-17,116186,0,0
2021-02-18,119023,0,0
2021-02-19,135412,0,0
2021-02-20,125524,0,0
2021-02-21,75300,0,0
2021-02-22,129561,0,0
2021-02-23,124722,0,0
2021-02-24,137072,0,1
2021-02-25,143616,0,0
2021-02-26,161567,0,0
2021-02-27,138387,0,0
2021-02-28,65973,0,0
2021-03-01,134000,0,0
2021-03-02,133926,0,0
2021-03-03,142045,0,0
2021-03-04,137242,0,0
2021-03-05,147124,0,0
2021-03-06,126769,0,0
2021-03-07,70332,0,0
2021-03-08,120327,0,0
2021-03-09,129006,0,0
2021-03-10,133519,0,1
2021-03-11,131471,0,0
2021-03-12,153085,0,0
2021-03-13,160725,0,0
2021-03-14,77282,0,0
2021-03-15,120599,2,0
2021-03-16,141317,0,0
2021-03-17,236295,0,0
2021-03-18,209332,0,0
2021-03-19,195983,0,0
2021-03-20,165563,0,0
2021-03-21,148913,0,0
2021-03-22,159761,0,0
2021-03-23,170813,4,1
2021-03-24,156730,9,18
2021-03-25,212008,22,0
2021-03-26,173988,0,26
2021-03-27,146625,0,0
2021-03-28,60320,1,0
2021-03-29,208002,0,0
2021-03-30,220655,3,0
2021-03-31,167981,0,2
2021-04-01,120576,0,2
2021-04-02,136205,0,2
2021-04-03,132776,0,0
2021-04-04,51149,0,0
2021-04-05,97088,0,0
2021-04-06,135157,0,0
2021-04-07,166798,0,0
2021-04-08,148843,0,2
2021-04-09,126945,0,3
2021-04-10,124469,2,0
2021-04-11,89220,0,0
2021-04-12,123652,4,0
2021-04-13,108888,0,0
2021-04-14,111794,1,0
2021-04-15,147371,0,4
2021-04-16,149611,4,0
2021-04-17,105793,2,0
2021-04-18,60857,2,20
2021-04-19,124947,4,1
2021-04-20,132784,0,0
2021-04-21,105209,0,0
2021-04-22,114559,0,2
2021-04-23,145922,0,0
2021-04-24,129768,0,0
2021-04-25,45592,2,0
2021-04-26,101119,0,0
2021-04-27,129356,1,1
2021-04-28,130612,0,0
2021-04-29,102698,0,0
2021-04-30,114312,0,0
2021-05-01,118589,1,0
2021-05-02,74784,0,0
2021-05-03,87132,0,0
2021-05-04,113946,0,0
2021-05-05,125286,0,0
2021-05-06,128608,0,0
2021-05-07,103790,0,2
2021-05-08,88163,0,0
2021-05-09,68301,0,0
2021-05-10,114931,0,0
2021-05-11,99690,0,0
2021-05-12,92792,0,0
2021-05-13,126389,0,1
2021-05-14,140508,0,18
2021-05-15,109506,0,0
2021-05-16,65713,0,0
2021-05-17,122637,0,0
2021-05-18,125680,0,0
2021-05-19,90556,0,0
2021-05-20,92876,0,0
2021-05-21,125825,0,0
2021-05-22,109754,0,0
2021-05-23,45531,0,0
2021-05-24,91388,1,0
2021-05-25,129933,0,0
2021-05-26,143914,0,0
2021-05-27,109460,0,0
2021-05-28,118699,0,0
2021-05-29,114035,0,0
2021-05-30,87901,0,0
2021-05-31,55788,0,0
2021-06-01,103093,0,0
2021-06-02,118847,0,0
2021-06-03,137559,1,0
2021-06-04,108020,0,0
2021-06-05,91386,0,0
2021-06-06,70227,0,0
2021-06-07,125301,0,0
2021-06-08,95689,1,0
2021-06-09,104715,0,0
2021-06-10,103442,0,0
2021-06-11,115255,0,0
2021-06-12,87132,0,0
2021-06-13,39124,0,0
2021-06-14,91968,0,0
2021-06-15,121453,0,0
2021-06-16,91161,0,1
2021-06-17,93079,0,0
2021-06-18,118583,1,0
2021-06-19,130527,0,0
2021-06-20,59880,0,0
2021-06-21,97985,0,0
2021-06-22,107445,0,0
2021-06-23,138544,0,0
2021-06-24,108199,0,0
2021-06-25,116044,0,0
2021-06-26,92773,24,0
2021-06-27,89161,0,0
2021-06-28,95062,0,0
2021-06-29,104680,0,0
2021-06-30,98392,0,0
2021-07-01,142020,0,0
2021-07-02,119079,0,2
2021-07-03,88271,0,0
2021-07-04,39554,0,0
2021-07-05,93925,0,2
2021-07-06,98864,0,0
2021-07-07,96103,0,0
2021-07-08,98056,0,0
2021-07-09,138980,0,0
2021-07-10,93780,2,0
2021-07-11,51283,0,1
2021-07-12,75206,0,0
2021-07-13,104586,0,0
2021-07-14,99505,0,0
2021-07-15,88925,0,0
2021-07-16,100352,0,0
2021-07-17,97479,0,0
2021-07-18,63946,0,0
2021-07-19,92521,0,0
2021-07-20,89407,0,0
2021-07-21,97881,2,0
2021-07-22,112040,0,0
2021-07-23,105611,0,0
2021-07-24,82978,0,0
2021-07-25,40963,0,0
2021-07-26,98789,0,0
2021-07-27,98183,0,0
2021-07-28,88058,0,0
2021-07-29,89219,0,0
2021-07-30,102796,0,0
2021-07-31,94316,0,0
2021-08-01,53385,0,0
2021-08-02,85036,0,0
2021-08-03,99887,0,0
2021-08-04,99096,0,0
2021-08-05,98800,0,0
2021-08-06,101721,0,0
2021-08-07,94787,0,0
2021-08-08,47258,1,0
2021-08-09,85847,0,0
2021-08-10,91570,0,0
2021-08-11,84205,0,0
2021-08-12,88211,0,0
2021-08-13,101865,0,0
2021-08-14,90860,0,0
2021-08-15,39761,0,0
2021-08-16,81837,0,0
2021-08-17,89345,0,0
2021-08-18,91446,0,0
2021-08-19,97740,0,0
2021-08-20,103983,0,0
2021-08-21,80493,0,0
2021-08-22,48575,0,0
2021-08-23,118110,0,0
2021-08-24,145801,0,0
2021-08-25,91462,0,0
2021-08-26,85241,0,0
2021-08-27,106032,0,0
2021-08-28,93562,0,0
2021-08-29,46484,0,0
2021-08-30,83761,0,0
2021-08-31,89062,0,0
2021-09-01,135437,0,0
2021-09-02,127592,0,0
2021-09-03,118756,0,0
2021-09-04,99971,0,0
2021-09-05,63298,0,0
2021-09-06,57862,0,0
2021-09-07,95091,0,0
2021-09-08,88907,0,0
2021-09-09,83890,0,0
2021-09-10,109640,0,0
2021-09-11,88826,0,0
2021-09-12,48470,0,0
2021-09-13,74174,0,0
2021-09-14,81480,0,0
2021-09-15,84624,0,0
2021-09-16,91991,0,0
2021-09-17,103716,0,0
2021-09-18,91211,0,0
2021-09-19,46922,0,0
2021-09-20,74906,0,0
2021-09-21,91805,0,0
2021-09-22,87496,2,0
2021-09-23,94141,0,0
2021-09-24,104597,1,0
2021-09-25,86104,0,0
2021-09-26,45025,0,0
2021-09-27,81331,0,0
2021-09-28,93202,0,0
2021-09-29,91932,0,0
2021-09-30,83992,0,0
2021-10-01,109498,0,0
2021-10-02,94405,0,0
2021-10-03,49995,1,0
2021-10-04,83599,0,0
2021-10-05,89619,0,0
2021-10-06,90631,2,0
2021-10-07,91902,0,0
2021-10-08,105091,0,0
2021-10-09,88281,0,0
2021-10-10,49225,0,0
2021-10-11,70026,0,2
2021-10-12,94905,2,0
2021-10-13,80966,0,0
2021-10-14,94555,0,0
2021-10-15,112139,0,0
2021-10-16,95832,0,0
2021-10-17,47218,0,0
2021-10-18,82568,0,0
2021-10-19,88546,0,0
2021-10-20,82022,2,0
2021-10-21,93571,0,0
2021-10-22,107748,0,0
2021-10-23,92867,0,0
2021-10-24,54155,0,0
2021-10-25,81571,0,0
2021-10-26,79739,0,0
2021-10-27,74836,2,0
2021-10-28,85316,0,0
2021-10-29,107016,0,0
2021-10-30,81530,0,0
2021-10-31,33796,2,0
2021-11-01,83953,0,0
2021-11-02,89036,0,0
2021-11-03,92561,0,0
2021-11-04,94245,0,0
2021-11-05,103668,0,0
2021-11-06,91745,0,0
2021-11-07,51473,0,0
2021-11-08,84941,0,0
2021-11-09,92849,0,0
2021-11-10,95946,0,0
2021-11-11,85113,0,0
2021-11-12,105486,2,0
2021-11-13,99041,0,0
2021-11-14,54786,0,0
2021-11-15,88357,0,0
2021-11-16,94558,0,0
2021-11-17,95776,0,0
2021-11-18,92791,0,0
2021-11-19,114121,0,0
2021-11-20,101057,0,0
2021-11-21,58059,0,0
2021-11-22,96696,0,0
2021-11-23,105815,0,0
2021-11-24,112484,0,0
2021-11-25,26092,0,0
2021-11-26,187585,0,0
2021-11-27,99354,0,0
2021-11-28,44248,21,18
2021-11-29,82284,0,0
2021-11-30,93338,0,0
2021-12-01,104211,0,0
2021-12-02,107041,1,2
2021-12-03,119257,20,0
2021-12-04,108642,0,3
2021-12-05,56020,0,2
2021-12-06,97796,3,0
2021-12-07,107471,22,24
2021-12-08,102503,0,0
2021-12-09,110327,0,2
2021-12-10,121748,2,0
2021-12-11,113938,0,0
2021-12-12,61510,2,0
2021-12-13,100709,0,0
2021-12-14,108964,0,1
2021-12-15,111946,0,0
2021-12-16,111759,2,0
2021-12-17,132525,0,0
2021-12-18,127153,0,0
2021-12-19,68580,0,0
2021-12-20,110232,0,0
2021-12-21,128601,0,0
2021-12-22,126811,0,0
2021-12-23,139078,0,0
2021-12-24,90695,0,0
2021-12-25,17157,0,0
2021-12-26,58118,0,0
2021-12-27,98229,0,0
2021-12-28,90544,0,0
2021-12-29,91740,0,0
2021-12-30,98042,0,0
2021-12-31,77192,2,0
2022-01-01,52219,0,2
2022-01-02,55299,0,0
2022-01-03,87259,0,0
2022-01-04,96052,0,0
2022-01-05,89651,0,0
2022-01-06,117080,0,0
2022-01-07,99716,0,0
2022-01-08,92228,0,0
2022-01-09,50419,0,0
2022-01-10,93269,1,0
2022-01-11,86313,0,22
2022-01-12,80450,2,0
2022-01-13,94748,0,0
2022-01-14,121683,0,0
2022-01-15,88358,0,0
2022-01-16,47286,0,0
2022-01-17,60243,0,0
2022-01-18,94896,0,0
2022-01-19,85394,1,0
2022-01-20,84304,0,0
2022-01-21,98929,0,0
2022-01-22,89247,0,0
2022-01-23,50472,0,0
2022-01-24,78974,0,1
2022-01-25,93779,0,0
2022-01-26,104120,0,0
2022-01-27,95617,0,0
2022-01-28,98181,1,0
2022-01-29,70550,2,0
2022-01-30,49273,0,0
2022-01-31,85579,0,0
2022-02-01,94780,2,2
2022-02-02,88625,0,0
2022-02-03,85857,0,0
2022-02-04,92718,1,0
2022-02-05,94253,0,0
2022-02-06,56102,0,0
2022-02-07,88604,0,0
2022-02-08,90612,0,0
2022-02-09,94328,0,0
2022-02-10,84368,0,0
2022-02-11,109079,0,0
2022-02-12,99713,0,0
2022-02-13,49434,0,0
2022-02-14,82408,0,0
2022-02-15,92540,0,0
2022-02-16,94873,0,0
2022-02-17,91829,0,0
2022-02-18,106011,0,0
2022-02-19,106267,0,0
2022-02-20,45512,0,0
2022-02-21,78257,0,0
2022-02-22,98522,0,0
2022-02-23,97546,0,0
2022-02-24,118577,0,0
2022-02-25,130032,1,0
2022-02-26,123398,0,1
2022-02-27,66534,0,0
2022-02-28,94133,2,0
2022-03-01,115392,0,2
2022-03-02,119481,0,0
2022-03-03,115587,0,0
2022-03-04,120082,0,0
2022-03-05,118064,0,0
2022-03-06,58580,0,0
2022-03-07,98445,0,0
2022-03-08,103375,0,0
2022-03-09,110686,0,0
2022-03-10,110005,0,0
2022-03-11,122198,0,0
2022-03-12,108743,0,0
2022-03-13,59980,0,1
2022-03-14,87132,0,0
2022-03-15,107458,0,0
2022-03-16,108921,0,0
2022-03-17,108221,1,0
2022-03-18,117839,1,0
2022-03-19,108192,0,0
2022-03-20,53369,0,0
2022-03-21,83112,0,0
2022-03-22,91793,0,0
2022-03-23,109517,0,0
2022-03-24,108666,0,0
2022-03-25,129010,0,0
2022-03-26,107076,0,0
2022-03-27,47392,0,0
2022-03-28,76263,0,1
2022-03-29,101078,0,0
2022-03-30,86291,0,0
2022-03-31,89776,0,0
2022-04-01,111600,0,0
2022-04-02,105057,0,0
2022-04-03,51273,0,0
2022-04-04,87911,0,0
2022-04-05,92333,0,0
2022-04-06,92608,0,0
2022-04-07,96197,0,0
2022-04-08,112302,0,0
2022-04-09,94362,0,0
2022-04-10,50148,0,0
2022-04-11,85834,0,0
2022-04-12,96621,0,2
2022-04-13,88168,0,0
2022-04-14,102034,0,1
2022-04-15,106169,0,0
2022-04-16,89334,0,0
2022-04-17,31841,0,0
2022-04-18,87770,0,0
2022-04-19,90283,0,0
2022-04-20,93178,0,0
2022-04-21,88901,0,0
2022-04-22,98101,0,0
2022-04-23,77351,0,0
2022-04-24,68688,0,0
2022-04-25,123342,0,0
2022-04-26,125155,0,0
2022-04-27,108895,0,1
2022-04-28,89233,0,0
2022-04-29,103153,0,0
2022-04-30,80960,0,0
2022-05-01,47696,0,0
2022-05-02,85187,0,0
2022-05-03,87398,0,0
2022-05-04,84924,0,0
2022-05-05,86759,0,0
2022-05-06,99918,0,0
2022-05-07,80153,0,0
2022-05-08,41836,0,0
2022-05-09,63179,0,1
2022-05-10,95379,0,0
2022-05-11,87573,0,0
2022-05-12,87241,0,0
2022-05-13,94611,0,0
2022-05-14,70318,0,0
2022-05-15,45526,2,0
2022-05-16,77567,0,0
2022-05-17,78462,0,3
2022-05-18,85399,0,0
2022-05-19,82614,0,0
2022-05-20,90142,1,0
2022-05-21,77601,0,0
2022-05-22,47453,0,0
2022-05-23,77107,0,0
2022-05-24,73808,2,1
2022-05-25,82648,25,56
2022-05-26,96928,34,81
2022-05-27,94268,20,13
2022-05-28,81769,9,23
2022-05-29,31182,10,10
2022-05-30,33295,4,73
2022-05-31,72442,8,13
2022-06-01,91387,6,1
2022-06-02,95663,5,30
2022-06-03,111524,22,0
2022-06-04,88593,2,2
2022-06-05,51081,0,0
2022-06-06,85144,5,5
2022-06-07,96718,0,6
2022-06-08,94991,7,4
2022-06-09,97322,0,2
2022-06-10,105536,3,24
2022-06-11,88618,5,4
2022-06-12,52874,4,43
2022-06-13,89528,2,0
2022-06-14,94329,2,0
2022-06-15,97977,3,2
2022-06-16,94918,1,22
2022-06-17,96770,0,20
2022-06-18,93068,4,0
2022-06-19,44427,1,1
2022-06-20,74205,1,0
2022-06-21,89585,0,0
2022-06-22,90083,0,46
2022-06-23,93551,2,0
2022-06-24,103429,30,6
2022-06-25,85077,0,0
2022-06-26,44790,3,0
2022-06-27,81924,18,0
2022-06-28,78522,24,0
2022-06-29,76687,2,2
2022-06-30,82287,18,0
2022-07-01,113357,1,1
2022-07-02,80530,0,0
2022-07-03,41028,25,0
2022-07-04,34202,0,1
2022-07-05,84892,24,23
2022-07-06,88286,0,1
2022-07-07,90942,0,2
2022-07-08,95909,0,6
2022-07-09,75332,1,0
2022-07-10,39582,0,0
2022-07-11,74532,0,2
2022-07-12,89866,1,0
2022-07-13,82574,26,0
2022-07-14,93594,0,2
2022-07-15,104149,1,0
2022-07-16,83705,2,1
2022-07-17,44392,0,2
2022-07-18,71254,0,2
2022-07-19,86114,0,0
2022-07-20,77984,2,2
2022-07-21,92386,1,0
2022-07-22,90786,0,0
2022-07-23,84811,0,0
2022-07-24,51359,0,0
2022-07-25,72176,2,0
2022-07-26,89419,2,0
2022-07-27,89125,0,0
2022-07-28,77235,0,3
2022-07-29,94925,0,0
2022-07-30,75796,2,20
2022-07-31,34090,0,0
2022-08-01,74927,0,1
2022-08-02,77993,0,0
2022-08-03,83409,0,0
2022-08-04,77740,0,0
2022-08-05,93395,4,0
2022-08-06,75327,0,0
2022-08-07,36768,1,0
2022-08-08,66235,0,0
2022-08-09,79550,0,0
2022-08-10,83125,0,0
2022-08-11,79591,2,0
2022-08-12,88280,0,0
2022-08-13,75577,0,0
2022-08-14,47306,0,2
2022-08-15,79489,1,0
2022-08-16,92658,2,0
2022-08-17,92382,0,0
2022-08-18,94741,0,0
2022-08-19,110360,1,0
2022-08-20,99040,0,0
2022-08-21,47180,0,0
2022-08-22,83772,2,0
2022-08-23,93939,1,0
2022-08-24,104557,0,0
2022-08-25,102589,0,0
2022-08-26,108327,0,0
2022-08-27,91280,0,0
2022-08-28,56104,0,2
2022-08-29,71637,0,0
2022-08-30,74473,0,0
2022-08-31,76381,2,1
2022-09-01,89155,0,22
2022-09-02,116486,0,0
2022-09-03,85562,0,0
2022-09-04,44860,0,0
2022-09-05,43782,0,0
2022-09-06,85224,0,0
2022-09-07,82528,0,0
2022-09-08,87368,0,0
2022-09-09,98332,6,0
2022-09-10,91257,0,0
2022-09-11,40493,0,0
2022-09-12,85389,0,0
2022-09-13,88162,0,0
2022-09-14,92265,0,0
2022-09-15,88895,0,0
2022-09-16,102614,0,3
2022-09-17,87406,0,0
2022-09-18,46765,0,0
2022-09-19,82008,1,0
2022-09-20,87780,0,0
2022-09-21,96019,2,0
2022-09-22,101285,0,0
2022-09-23,102522,0,0
2022-09-24,88365,0,0
2022-09-25,47414,0,0
2022-09-26,79181,0,3
2022-09-27,86499,0,0
2022-09-28,75880,0,0
2022-09-29,75651,0,2
2022-09-30,91315,0,0
2022-10-01,91826,1,3
2022-10-02,51569,0,0
2022-10-03,80492,0,0
2022-10-04,84857,2,0
2022-10-05,86419,2,0
2022-10-06,91257,1,0
2022-10-07,100736,1,0
2022-10-08,86628,0,0
2022-10-09,50700,0,0
2022-10-10,67391,0,0
2022-10-11,83997,0,0
2022-10-12,89381,0,0
2022-10-13,96030,1,0
2022-10-14,95567,0,0
2022-10-15,80520,0,0
2022-10-16,53514,0,0
2022-10-17,83914,2,0
2022-10-18,98058,0,0
2022-10-19,87583,0,0
2022-10-20,90657,0,0
2022-10-21,102195,1,0
2022-10-22,90634,0,0
2022-10-23,50945,0,0
2022-10-24,81414,1,0
2022-10-25,80412,0,0
2022-10-26,76795,0,0
2022-10-27,85109,0,0
2022-10-28,94128,0,0
2022-10-29,91545,0,0
2022-10-30,40062,0,0
2022-10-31,66699,0,0
2022-11-01,91487,0,0
2022-11-02,92354,0,0
2022-11-03,101598,0,0
2022-11-04,106496,1,0
2022-11-05,96301,0,2
2022-11-06,56081,0,0
2022-11-07,83799,0,2
2022-11-08,86787,0,0
2022-11-09,98610,0,0
2022-11-10,103628,0,0
2022-11-11,97165,0,0
2022-11-12,90394,0,0
2022-11-13,59840,0,0
2022-11-14,88413,0,0
2022-11-15,93194,0,0
2022-11-16,85270,0,0
2022-11-17,104410,0,0
2022-11-18,115796,0,0
2022-11-19,102376,0,0
2022-11-20,57665,1,0
2022-11-21,103543,1,0
2022-11-22,109895,1,2
2022-11-23,116033,0,0
2022-11-24,29111,2,0
2022-11-25,192749,2,0
2022-11-26,99001,0,0
2022-11-27,51416,0,0
2022-11-28,95964,1,1
2022-11-29,88181,1,0
2022-11-30,90581,0,0
2022-12-01,106512,0,0
2022-12-02,119829,0,18
2022-12-03,110094,0,0
2022-12-04,61383,0,1
2022-12-05,93985,0,0
2022-12-06,103237,0,0
2022-12-07,104186,2,0
2022-12-08,106259,0,0
2022-12-09,127337,0,0
2022-12-10,108757,0,0
2022-12-11,53778,0,0
2022-12-12,101253,0,0
2022-12-13,105807,0,0
2022-12-14,108216,0,0
2022-12-15,104224,0,1
2022-12-16,136307,0,0
2022-12-17,122614,0,0
2022-12-18,63094,0,0
2022-12-19,99140,4,0
2022-12-20,111069,2,0
2022-12-21,124333,19,0
2022-12-22,121579,0,0
2022-12-23,129014,0,0
2022-12-24,69119,0,0
2022-12-25,15850,0,0
2022-12-26,72296,0,0
2022-12-27,85863,0,0
2022-12-28,90217,0,0
2022-12-29,103426,1,0
2022-12-30,106686,0,0
2022-12-31,71067,21,0
2023-01-01,42755,0,1
2023-01-02,71897,0,0
2023-01-03,93671,0,0
2023-01-04,99284,0,0
2023-01-05,97981,0,0
2023-01-06,105624,0,0
2023-01-07,100220,20,1
2023-01-08,54909,0,0
2023-01-09,92463,2,0
2023-01-10,91548,0,0
2023-01-11,87519,0,0
2023-01-12,98363,0,0
2023-01-13,114385,0,0
2023-01-14,101563,0,0
2023-01-15,57038,1,0
2023-01-16,65684,0,0
2023-01-17,88319,0,0
2023-01-18,86461,0,0
2023-01-19,98041,0,0
2023-01-20,106566,0,0
2023-01-21,89007,0,0
2023-01-22,57645,0,0
2023-01-23,93330,0,0
2023-01-24,92672,0,0
2023-01-25,103036,0,5
2023-01-26,94556,0,21
2023-01-27,102559,2,20
2023-01-28,88203,0,20
2023-01-29,41686,0,0
2023-01-30,73413,0,0
2023-01-31,83523,0,0
2023-02-01,95820,0,0
2023-02-02,95413,0,0
2023-02-03,106380,1,0
2023-02-04,100399,0,0
2023-02-05,55258,0,0
2023-02-06,87440,0,3
2023-02-07,95351,0,0
2023-02-08,97028,0,2
2023-02-09,93844,0,0
2023-02-10,97469,0,0
2023-02-11,103678,0,0
2023-02-12,44323,0,0
2023-02-13,82628,0,0
2023-02-14,98816,0,0
2023-02-15,96789,1,0
2023-02-16,97071,2,18
2023-02-17,110718,0,0
2023-02-18,107404,0,0
2023-02-19,49137,0,0
2023-02-20,78469,0,0
2023-02-21,97238,0,0
2023-02-22,106631,0,0
2023-02-23,116252,0,0
2023-02-24,124739,0,0
2023-02-25,102511,22,0
2023-02-26,51600,0,0
2023-02-27,86604,0,0
2023-02-28,86597,1,0
2023-03-01,99959,0,0
2023-03-02,113114,0,2
2023-03-03,120338,23,2
2023-03-04,104184,1,0
2023-03-05,59488,1,1
2023-03-06,84869,2,0
2023-03-07,106157,2,0
2023-03-08,90511,0,0
2023-03-09,96778,0,0
2023-03-10,114584,0,0
2023-03-11,93334,0,0
2023-03-12,51496,0,0
2023-03-13,96837,0,0
2023-03-14,94788,2,0
2023-03-15,87251,0,2
2023-03-16,112972,0,0
2023-03-17,105606,0,2
2023-03-18,95748,0,21
2023-03-19,60507,0,0
2023-03-20,97107,2,2
2023-03-21,112965,0,0
2023-03-22,108541,0,0
2023-03-23,106936,0,0
2023-03-24,116488,0,0
2023-03-25,108899,0,23
2023-03-26,61363,2,0
2023-03-27,95475,2,30
2023-03-28,107880,36,14
2023-03-29,108239,22,21
2023-03-30,108708,26,24
2023-03-31,115545,26,10
2023-04-01,111850,2,4
2023-04-02,63288,2,0
2023-04-03,90915,2,0
2023-04-04,98284,1,3
2023-04-05,99526,1,24
2023-04-06,114367,34,5
2023-04-07,122114,73,49
2023-04-08,91256,21,2
2023-04-09,36742,2,3
2023-04-10,90934,21,3
2023-04-11,95340,2,2
2023-04-12,108462,24,4
2023-04-13,105395,2,1
2023-04-14,122331,28,2
2023-04-15,91961,20,24
2023-04-16,51493,4,2
2023-04-17,105156,0,31
2023-04-18,108928,0,2
2023-04-19,107045,3,2
2023-04-20,108421,3,20
2023-04-21,121938,0,19
2023-04-22,99622,0,1
2023-04-23,54900,4,0
2023-04-24,100776,0,0
2023-04-25,93343,0,1
2023-04-26,109228,0,2
2023-04-27,111538,4,0
2023-04-28,114621,2,0
2023-04-29,85902,0,1
2023-04-30,44398,18,0
2023-05-01,103908,2,0
2023-05-02,103609,0,2
2023-05-03,107730,0,2
2023-05-04,108943,0,2
2023-05-05,112346,3,0
2023-05-06,81557,0,2
2023-05-07,51282,6,2
2023-05-08,103454,5,0
2023-05-09,103389,24,2
2023-05-10,95366,5,2
2023-05-11,107331,0,0
2023-05-12,100963,0,0
2023-05-13,80656,0,2
2023-05-14,42497,0,2
2023-05-15,94018,0,1
2023-05-16,81986,2,0
2023-05-17,82143,2,0
2023-05-18,83554,0,0
2023-05-19,93956,0,1
2023-05-20,79875,2,0
2023-05-21,46772,1,0
2023-05-22,74556,0,4
2023-05-23,74072,1,0
2023-05-24,74195,0,0
2023-05-25,95551,3,0
2023-05-26,92942,0,0
2023-05-27,71564,0,0
2023-05-28,30374,0,0
2023-05-29,42666,2,1
2023-05-30,64989,0,1
2023-05-31,65503,0,4
2023-06-01,82957,2,0
2023-06-02,105182,0,0
2023-06-03,76949,0,0
2023-06-04,41458,0,0
2023-06-05,87702,0,0
2023-06-06,77167,0,0
2023-06-07,78380,0,22
2023-06-08,78549,0,2
2023-06-09,100963,0,0
2023-06-10,73931,3,2
2023-06-11,42000,0,0
2023-06-12,71745,1,0
2023-06-13,77920,0,0
2023-06-14,84550,0,0
2023-06-15,85892,0,0
2023-06-16,103012,0,0
2023-06-17,72396,0,0
2023-06-18,34199,0,0
2023-06-19,56490,1,0
2023-06-20,77967,0,0
2023-06-21,82318,0,0
2023-06-22,78667,0,0
2023-06-23,97839,0,0
2023-06-24,73159,0,0
2023-06-25,43013,0,0
2023-06-26,79961,0,0
2023-06-27,80017,0,0
2023-06-28,74453,0,0
2023-06-29,65777,18,0
2023-06-30,78137,0,0
2023-07-01,69009,0,0
2023-07-02,40287,1,0
2023-07-03,66117,0,0
2023-07-04,35428,0,0
2023-07-05,71223,0,2
2023-07-06,73515,0,0
2023-07-07,84340,0,0
2023-07-08,69842,0,0
2023-07-09,38897,0,0
2023-07-10,70217,0,1
2023-07-11,73323,0,0
2023-07-12,76069,1,1
2023-07-13,68485,1,2
2023-07-14,89346,1,0
2023-07-15,74411,2,0
2023-07-16,40473,0,0
2023-07-17,65970,0,0
2023-07-18,68229,0,0
2023-07-19,66339,0,0
2023-07-20,78804,0,0
2023-07-21,76658,0,2
2023-07-22,60124,0,0
2023-07-23,37744,0,0
2023-07-24,71790,0,0
2023-07-25,76904,2,0
2023-07-26,75518,0,2
2023-07-27,80756,2,0
2023-07-28,75156,0,0
2023-07-29,57537,0,0
2023-07-30,28345,0,0
2023-07-31,54933,0,0
2023-08-01,70681,0,0
2023-08-02,73806,0,0
2023-08-03,79683,1,0
2023-08-04,85522,0,0
2023-08-05,69045,0,0
2023-08-06,39565,0,0
2023-08-07,67371,0,0
2023-08-08,73059,2,0
2023-08-09,78032,0,0
2023-08-10,76620,0,0
2023-08-11,84295,0,0
2023-08-12,72823,3,0
2023-08-13,35381,0,0
2023-08-14,73468,0,0
2023-08-15,69399,0,0
2023-08-16,69209,0,0
2023-08-17,77519,0,3
2023-08-18,75004,1,0
2023-08-19,65120,0,0
2023-08-20,34392,0,0
2023-08-21,72844,0,0
2023-08-22,85787,0,0
2023-08-23,77202,0,0
2023-08-24,72814,0,1
2023-08-25,80864,0,0
2023-08-26,68147,0,0
2023-08-27,32726,0,0
2023-08-28,63372,0,0
2023-08-29,72805,0,0
2023-08-30,76689,0,0
2023-08-31,70738,1,1
2023-09-01,88568,0,0
2023-09-02,66357,0,0
2023-09-03,33548,0,0
2023-09-04,34636,0,0
2023-09-05,67794,0,0
2023-09-06,64990,1,0
2023-09-07,75050,0,0
2023-09-08,77845,0,0
2023-09-09,68098,1,0
2023-09-10,35160,2,2
2023-09-11,61770,0,0
2023-09-12,74353,1,1
2023-09-13,67584,0,0
2023-09-14,74753,0,2
2023-09-15,80515,0,0
2023-09-16,66389,2,0
2023-09-17,34371,0,0
2023-09-18,62753,0,0
2023-09-19,89827,2,0
2023-09-20,83707,0,0
2023-09-21,82151,0,0
2023-09-22,96636,0,0
2023-09-23,79235,0,0
2023-09-24,45577,0,0
2023-09-25,85896,0,0
2023-09-26,77234,0,0
2023-09-27,81727,0,0
2023-09-28,72989,0,0
2023-09-29,95082,0,0
2023-09-30,80230,0,0
2023-10-01,43730,0,1
2023-10-02,70273,0,0
2023-10-03,74973,20,0
2023-10-04,73460,0,0
2023-10-05,80142,2,22
2023-10-06,86423,0,2
2023-10-07,72641,0,0
2023-10-08,40706,0,0
2023-10-09,64174,0,0
2023-10-10,76704,0,0
2023-10-11,84557,0,0
2023-10-12,87729,0,0
2023-10-13,108443,0,0
2023-10-14,82603,0,0
2023-10-15,36419,0,0
2023-10-16,69254,0,0
2023-10-17,44413,0,0
2023-10-18,104950,0,0
2023-10-19,79289,0,0
2023-10-20,90667,0,0
2023-10-21,78725,0,2
2023-10-22,38318,0,0
2023-10-23,64669,0,0
2023-10-24,71462,2,0
2023-10-25,73522,0,0
2023-10-26,79295,0,3
2023-10-27,92347,0,1
2023-10-28,79440,0,0
2023-10-29,38062,1,0
2023-10-30,72389,0,0
2023-10-31,95310,0,0
2023-11-01,89014,2,1
2023-11-02,93660,0,0
2023-11-03,118142,0,0
2023-11-04,91269,0,0
2023-11-05,51758,0,0
2023-11-06,82207,0,0
2023-11-07,84329,0,0
2023-11-08,99820,1,0
2023-11-09,94631,0,0
2023-11-10,87940,0,0
2023-11-11,88286,0,0
2023-11-12,43471,0,0
2023-11-13,80918,0,0
2023-11-14,97869,0,0
2023-11-15,90966,0,0
2023-11-16,94684,0,0
2023-11-17,113190,0,0
2023-11-18,95354,0,0
2023-11-19,52521,0,0
2023-11-20,79970,0,0
2023-11-21,101199,0,0
2023-11-22,110703,0,0
2023-11-23,26011,0,0
2023-11-24,214913,0,0
2023-11-25,87006,2,0
2023-11-26,42881,0,0
2023-11-27,73786,0,0
2023-11-28,86148,0,0
2023-11-29,91227,0,0
2023-11-30,88997,0,0
2023-12-01,115418,0,0
2023-12-02,94594,0,0
2023-12-03,50438,0,0
2023-12-04,84839,0,0
2023-12-05,92814,0,0
2023-12-06,88336,2,0
2023-12-07,92553,1,0
2023-12-08,109097,0,2
2023-12-09,99357,0,0
2023-12-10,52465,0,0
2023-12-11,85792,0,0
2023-12-12,94165,0,0
2023-12-13,96274,0,0
2023-12-14,97264,1,0
2023-12-15,120218,0,0
2023-12-16,110184,0,0
2023-12-17,56910,0,0
2023-12-18,88513,0,0
2023-12-19,110392,0,0
2023-12-20,99033,0,0
2023-12-21,115729,0,0
2023-12-22,141272,1,0
2023-12-23,109489,0,0
2023-12-24,41737,0,0
2023-12-25,6421,0,0
2023-12-26,83132,0,0
2023-12-27,100206,0,0
2023-12-28,84929,0,0
2023-12-29,98439,0,0
2023-12-30,77508,0,0
2023-12-31,33337,0,0
2024-01-01,33052,0,0
2024-01-02,81056,0,0
2024-01-03,84639,0,0
2024-01-04,86632,0,0
2024-01-05,95761,2,0
2024-01-06,81832,0,0
2024-01-07,41162,0,0
2024-01-08,72916,0,0
2024-01-09,71489,0,0
2024-01-10,82551,0,0
2024-01-11,83667,1,0
2024-01-12,103095,0,0
2024-01-13,70181,0,0
2024-01-14,45213,0,0
2024-01-15,50522,0,0
2024-01-16,58743,0,0
2024-01-17,85754,0,0
2024-01-18,79701,0,0
2024-01-19,89389,0,0
