timestamp,bg_checks
2019-09-15,46741
2019-09-16,69574
2019-09-17,85434
2019-09-18,83936
2019-09-19,75939
2019-09-20,82537
2019-09-21,87408
2019-09-22,52315
2019-09-23,69119
2019-09-24,67047
2019-09-25,77452
2019-09-26,89485
2019-09-27,96958
2019-09-28,70542
2019-09-29,46255
2019-09-30,80489
2019-10-01,79071
2019-10-02,78158
2019-10-03,84153
2019-10-04,107470
2019-10-05,80808
2019-10-06,47428
2019-10-07,71648
2019-10-08,81686
2019-10-09,86380
2019-10-10,81209
2019-10-11,86496
2019-10-12,81653
2019-10-13,41676
2019-10-14,73651
2019-10-15,71350
2019-10-16,74652
2019-10-17,76452
2019-10-18,103349
2019-10-19,75635
2019-10-20,37840
2019-10-21,85661
2019-10-22,88457
2019-10-23,75521
2019-10-24,72678
2019-10-25,100059
2019-10-26,85071
2019-10-27,44007
2019-10-28,65146
2019-10-29,86293
2019-10-30,90948
2019-10-31,79003
2019-11-01,93843
2019-11-02,71705
2019-11-03,47110
2019-11-04,87929
2019-11-05,74464
2019-11-06,63875
2019-11-07,80541
2019-11-08,99060
2019-11-09,88166
2019-11-10,63003
2019-11-11,66195
2019-11-12,78387
2019-11-13,85476
2019-11-14,96159
2019-11-15,104885
2019-11-16,82919
2019-11-17,41962
2019-11-18,89619
2019-11-19,90745
2019-11-20,79980
2019-11-21,86328
2019-11-22,111276
2019-11-23,90668
2019-11-24,53219
2019-11-25,82143
2019-11-26,93177
2019-11-27,116161
2019-11-28,58478
2019-11-29,202465
2019-11-30,94814
2019-12-01,44924
2019-12-02,74926
2019-12-03,86895
2019-12-04,98037
2019-12-05,104510
2019-12-06,113664
2019-12-07,86657
2019-12-08,65590
2019-12-09,99520
2019-12-10,101998
2019-12-11,84173
2019-12-12,106322
2019-12-13,129199
2019-12-14,120983
2019-12-15,53983
2019-12-16,94893
2019-12-17,111474
2019-12-18,113911
2019-12-19,107347
2019-12-20,136232
2019-12-21,132941
2019-12-22,76761
2019-12-23,129452
2019-12-24,91627
2019-12-25,26215
2019-12-26,101489
2019-12-27,108715
2019-12-28,85730
2019-12-29,56315
2019-12-30,101138
2019-12-31,91273
2020-01-01,48648
2020-01-02,97072
2020-01-03,113612
2020-01-04,97352
2020-01-05,52430
2020-01-06,87121
2020-01-07,95112
2020-01-08,102324
2020-01-09,97245
2020-01-10,107002
2020-01-11,93550
2020-01-12,52726
2020-01-13,60803
2020-01-14,79050
2020-01-15,87007
2020-01-16,99995
2020-01-17,110055
2020-01-18,91849
2020-01-19,50109
2020-01-20,74571
2020-01-21,95927
2020-01-22,82998
2020-01-23,105428
2020-01-24,121091
2020-01-25,102294
2020-01-26,44786
2020-01-27,89194
2020-01-28,92693
2020-01-29,85801
2020-01-30,76692
2020-01-31,108165
2020-02-01,112032
2020-02-02,55599
2020-02-03,73246
2020-02-04,85196
2020-02-05,89849
2020-02-06,100192
2020-02-07,103943
2020-02-08,92749
2020-02-09,53761
2020-02-10,92708
2020-02-11,96213
2020-02-12,89375
2020-02-13,102971
2020-02-14,111815
2020-02-15,95574
2020-02-16,61779
2020-02-17,81955
2020-02-18,96726
2020-02-19,90155
2020-02-20,99768
2020-02-21,117024
2020-02-22,108763
2020-02-23,54535
2020-02-24,96057
2020-02-25,107735
2020-02-26,134384
2020-02-27,125812
2020-02-28,142399
2020-02-29,130152
2020-03-01,60682
2020-03-02,110673
2020-03-03,100686
2020-03-04,109464
2020-03-05,107295
2020-03-06,120875
2020-03-07,114470
2020-03-08,48167
2020-03-09,89307
2020-03-10,95460
2020-03-11,102321
2020-03-12,129574
2020-03-13,164448
2020-03-14,163663
2020-03-15,94302
2020-03-16,176233
2020-03-17,180192
2020-03-18,178555
2020-03-19,185742
2020-03-20,210308
2020-03-21,185751
2020-03-22,81007
2020-03-23,143316
2020-03-24,120972
2020-03-25,114080
2020-03-26,108502
2020-03-27,115653
2020-03-28,99242
2020-03-29,44010
2020-03-30,91332
2020-03-31,94406
2020-04-01,107636
2020-04-02,98324
2020-04-03,117105
2020-04-04,92960
2020-04-05,42193
2020-04-06,88599
2020-04-07,74758
2020-04-08,87100
2020-04-09,89401
2020-04-10,99015
2020-04-11,80184
2020-04-12,24551
2020-04-13,80454
2020-04-14,90320
2020-04-15,151532
2020-04-16,135050
2020-04-17,141008
2020-04-18,121527
2020-04-19,46848
2020-04-20,102963
2020-04-21,105326
2020-04-22,107635
2020-04-23,116360
2020-04-24,125896
2020-04-25,101982
2020-04-26,50124
2020-04-27,105224
2020-04-28,100811
2020-04-29,114041
2020-04-30,112201
2020-05-01,135075
2020-05-02,106468
2020-05-03,50872
2020-05-04,102891
2020-05-05,95782
2020-05-06,109501
2020-05-07,113206
2020-05-08,121636
2020-05-09,111519
2020-05-10,48208
2020-05-11,101513
2020-05-12,108409
2020-05-13,112943
2020-05-14,113908
2020-05-15,124956
2020-05-16,102613
2020-05-17,52900
2020-05-18,100990
2020-05-19,109693
2020-05-20,110049
2020-05-21,112298
2020-05-22,117517
2020-05-23,93922
2020-05-24,47402
2020-05-25,60225
2020-05-26,106928
2020-05-27,103774
2020-05-28,111160
2020-05-29,122831
2020-05-30,114917
2020-05-31,67349
2020-06-01,146404
2020-06-02,160430
2020-06-03,164684
2020-06-04,152806
2020-06-05,161627
2020-06-06,144333
2020-06-07,74514
2020-06-08,127463
2020-06-09,140672
2020-06-10,136643
2020-06-11,140985
2020-06-12,149699
2020-06-13,132193
2020-06-14,70190
2020-06-15,129431
2020-06-16,125938
2020-06-17,141076
2020-06-18,146278
2020-06-19,152346
2020-06-20,136530
2020-06-21,70853
2020-06-22,126062
2020-06-23,136133
2020-06-24,140091
2020-06-25,139191
2020-06-26,146855
2020-06-27,131167
2020-06-28,53886
2020-06-29,126352
2020-06-30,126775
2020-07-01,139297
2020-07-02,143685
2020-07-03,139197
2020-07-04,70128
2020-07-05,64062
2020-07-06,125173
2020-07-07,127008
2020-07-08,135562
2020-07-09,133058
2020-07-10,143220
2020-07-11,116040
2020-07-12,70290
2020-07-13,121822
2020-07-14,132352
2020-07-15,134805
2020-07-16,128620
2020-07-17,144769
2020-07-18,115173
2020-07-19,67060
2020-07-20,121240
2020-07-21,133158
2020-07-22,92529
2020-07-23,128614
2020-07-24,135762
2020-07-25,114279
2020-07-26,63751
2020-07-27,107689
2020-07-28,119068
2020-07-29,122624
2020-07-30,120635
2020-07-31,128554
2020-08-01,112847
2020-08-02,59499
2020-08-03,109418
2020-08-04,105111
2020-08-05,113746
2020-08-06,116782
2020-08-07,128867
2020-08-08,106337
2020-08-09,56009
2020-08-10,86499
2020-08-11,112431
2020-08-12,113144
2020-08-13,118324
2020-08-14,118625
2020-08-15,115520
2020-08-16,56166
2020-08-17,102032
2020-08-18,113069
2020-08-19,122117
2020-08-20,95493
2020-08-21,110142
2020-08-22,101082
2020-08-23,52290
2020-08-24,93305
2020-08-25,103542
2020-08-26,103250
2020-08-27,100126
2020-08-28,121666
2020-08-29,113850
2020-08-30,55377
2020-08-31,98397
2020-09-01,106662
2020-09-02,108137
2020-09-03,114786
2020-09-04,126183
2020-09-05,95287
2020-09-06,49520
2020-09-07,49949
2020-09-08,100927
2020-09-09,100156
2020-09-10,102757
2020-09-11,115456
2020-09-12,98566
2020-09-13,50024
2020-09-14,92741
2020-09-15,101216
2020-09-16,101775
2020-09-17,105486
2020-09-18,122511
2020-09-19,100225
2020-09-20,52242
2020-09-21,96139
2020-09-22,107613
2020-09-23,104555
2020-09-24,112166
2020-09-25,120511
2020-09-26,101665
2020-09-27,49421
2020-09-28,95693
2020-09-29,105189
2020-09-30,104557
2020-10-01,116043
2020-10-02,125275
2020-10-03,104679
2020-10-04,53587
2020-10-05,100173
2020-10-06,102710
2020-10-07,104351
2020-10-08,104965
2020-10-09,119046
2020-10-10,102580
2020-10-11,54137
2020-10-12,86695
2020-10-13,104215
2020-10-14,107086
2020-10-15,103950
2020-10-16,122272
2020-10-17,105762
2020-10-18,57170
2020-10-19,105289
2020-10-20,114998
2020-10-21,110959
2020-10-22,120814
2020-10-23,135041
2020-10-24,110683
2020-10-25,67297
2020-10-26,111046
2020-10-27,123933
2020-10-28,120679
2020-10-29,128850
2020-10-30,153633
2020-10-31,127547
2020-11-01,66738
2020-11-02,124321
2020-11-03,145834
2020-11-04,137331
2020-11-05,134559
2020-11-06,157917
2020-11-07,154061
2020-11-08,82650
2020-11-09,131210
2020-11-10,138499
2020-11-11,112335
2020-11-12,128007
2020-11-13,145698
2020-11-14,129170
2020-11-15,74526
2020-11-16,121538
2020-11-17,128893
2020-11-18,123541
2020-11-19,117336
2020-11-20,146343
2020-11-21,123557
2020-11-22,72850
2020-11-23,112981
2020-11-24,130334
2020-11-25,144844
2020-11-26,47706
2020-11-27,186645
2020-11-28,117508
2020-11-29,65606
2020-11-30,123797
2020-12-01,121889
2020-12-02,114260
2020-12-03,118114
2020-12-04,137699
2020-12-05,124941
2020-12-06,62539
2020-12-07,120273
2020-12-08,127355
2020-12-09,128232
2020-12-10,135975
2020-12-11,163501
2020-12-12,145300
2020-12-13,84571
2020-12-14,131386
2020-12-15,144941
2020-12-16,142236
2020-12-17,133914
2020-12-18,169764
2020-12-19,156763
2020-12-20,94466
2020-12-21,146331
2020-12-22,159301
2020-12-23,171888
2020-12-24,123383
2020-12-25,63807
2020-12-26,102547
2020-12-27,66104
2020-12-28,124743
2020-12-29,145965
2020-12-30,139303
2020-12-31,135575
2021-01-01,94383
2021-01-02,141585
2021-01-03,63957
2021-01-04,140523
2021-01-05,146604
2021-01-06,170041
2021-01-07,164364
2021-01-08,180805
2021-01-09,180081
2021-01-10,89402
2021-01-11,155104
2021-01-12,163376
2021-01-13,170240
2021-01-14,156142
2021-01-15,183264
2021-01-16,171806
2021-01-17,82517
2021-01-18,129054
2021-01-19,144099
2021-01-20,152383
2021-01-21,162694
2021-01-22,170521
2021-01-23,153787
2021-01-24,64099
2021-01-25,140027
2021-01-26,138221
2021-01-27,128853
2021-01-28,139537
2021-01-29,154386
2021-01-30,132966
2021-01-31,52983
2021-02-01,121725
2021-02-02,125067
2021-02-03,124914
2021-02-04,134351
2021-02-05,141893
2021-02-06,146233
2021-02-07,61284
2021-02-08,127961
2021-02-09,136900
2021-02-10,140769
2021-02-11,138330
2021-02-12,154663
2021-02-13,133378
2021-02-14,69693
2021-02-15,94087
2021-02-16,119186
2021-02-17,116186
2021-02-18,119023
2021-02-19,135412
2021-02-20,125524
2021-02-21,75300
2021-02-22,129561
2021-02-23,124722
2021-02-24,137072
2021-02-25,143616
2021-02-26,161567
2021-02-27,138387
2021-02-28,65973
2021-03-01,134000
2021-03-02,133926
2021-03-03,142045
2021-03-04,137242
2021-03-05,147124
2021-03-06,126769
2021-03-07,70332
2021-03-08,120327
2021-03-09,129006
2021-03-10,133519
2021-03-11,131471
2021-03-12,153085
2021-03-13,160725
2021-03-14,77282
2021-03-15,120599
2021-03-16,141317
2021-03-17,236295
2021-03-18,209332
2021-03-19,195983
2021-03-20,165563
2021-03-21,148913
2021-03-22,159761
2021-03-23,170813
2021-03-24,156730
2021-03-25,212008
2021-03-26,173988
2021-03-27,146625
2021-03-28,60320
2021-03-29,208002
2021-03-30,220655
2021-03-31,167981
2021-04-01,120576
2021-04-02,136205
2021-04-03,132776
2021-04-04,51149
2021-04-05,97088
2021-04-06,135157
2021-04-07,166798
2021-04-08,148843
2021-04-09,126945
2021-04-10,124469
2021-04-11,89220
2021-04-12,123652
2021-04-13,108888
2021-04-14,111794
2021-04-15,147371
2021-04-16,149611
2021-04-17,105793
2021-04-18,60857
2021-04-19,124947
2021-04-20,132784
2021-04-21,105209
2021-04-22,114559
2021-04-23,145922
2021-04-24,129768
2021-04-25,45592
2021-04-26,101119
2021-04-27,129356
2021-04-28,130612
2021-04-29,102698
2021-04-30,114312
2021-05-01,118589
2021-05-02,74784
2021-05-03,87132
2021-05-04,113946
2021-05-05,125286
2021-05-06,128608
2021-05-07,103790
2021-05-08,88163
2021-05-09,68301
2021-05-10,114931
2021-05-11,99690
2021-05-12,92792
2021-05-13,126389
2021-05-14,140508
2021-05-15,109506
2021-05-16,65713
2021-05-17,122637
2021-05-18,125680
2021-05-19,90556
2021-05-20,92876
2021-05-21,125825
2021-05-22,109754
2021-05-23,45531
2021-05-24,91388
2021-05-25,129933
2021-05-26,143914
2021-05-27,109460
2021-05-28,118699
2021-05-29,114035
2021-05-30,87901
2021-05-31,55788
2021-06-01,103093
2021-06-02,118847
2021-06-03,137559
2021-06-04,108020
2021-06-05,91386
2021-06-06,70227
2021-06-07,125301
2021-06-08,95689
2021-06-09,104715
2021-06-10,103442
2021-06-11,115255
2021-06-12,87132
2021-06-13,39124
2021-06-14,91968
2021-06-15,121453
2021-06-16,91161
2021-06-17,93079
2021-06-18,118583
2021-06-19,130527
2021-06-20,59880
2021-06-21,97985
2021-06-22,107445
2021-06-23,138544
2021-06-24,108199
2021-06-25,116044
2021-06-26,92773
2021-06-27,89161
2021-06-28,95062
2021-06-29,104680
2021-06-30,98392
2021-07-01,142020
2021-07-02,119079
2021-07-03,88271
2021-07-04,39554
2021-07-05,93925
2021-07-06,98864
2021-07-07,96103
2021-07-08,98056
2021-07-09,138980
2021-07-10,93780
2021-07-11,51283
2021-07-12,75206
2021-07-13,104586
2021-07-14,99505
2021-07-15,88925
2021-07-16,100352
2021-07-17,97479
2021-07-18,63946
2021-07-19,92521
2021-07-20,89407
2021-07-21,97881
2021-07-22,112040
2021-07-23,105611
2021-07-24,82978
2021-07-25,40963
2021-07-26,98789
2021-07-27,98183
2021-07-28,88058
2021-07-29,89219
2021-07-30,102796
2021-07-31,94316
2021-08-01,53385
2021-08-02,85036
2021-08-03,99887
2021-08-04,99096
2021-08-05,98800
2021-08-06,101721
2021-08-07,94787
2021-08-08,47258
2021-08-09,85847
2021-08-10,91570
2021-08-11,84205
2021-08-12,88211
2021-08-13,101865
2021-08-14,90860
2021-08-15,39761
2021-08-16,81837
2021-08-17,89345
2021-08-18,91446
2021-08-19,97740
2021-08-20,103983
2021-08-21,80493
2021-08-22,48575
2021-08-23,118110
2021-08-24,145801
2021-08-25,91462
2021-08-26,85241
2021-08-27,106032
2021-08-28,93562
2021-08-29,46484
2021-08-30,83761
2021-08-31,89062
2021-09-01,135437
2021-09-02,127592
2021-09-03,118756
2021-09-04,99971
2021-09-05,63298
2021-09-06,57862
2021-09-07,95091
2021-09-08,88907
2021-09-09,83890
2021-09-10,109640
2021-09-11,88826
2021-09-12,48470
2021-09-13,74174
2021-09-14,81480
2021-09-15,84624
2021-09-16,91991
2021-09-17,103716
2021-09-18,91211
2021-09-19,46922
2021-09-20,74906
2021-09-21,91805
2021-09-22,87496
2021-09-23,94141
2021-09-24,104597
2021-09-25,86104
2021-09-26,45025
2021-09-27,81331
2021-09-28,93202
2021-09-29,91932
2021-09-30,83992
2021-10-01,109498
2021-10-02,94405
2021-10-03,49995
2021-10-04,83599
2021-10-05,89619
2021-10-06,90631
2021-10-07,91902
2021-10-08,105091
2021-10-09,88281
2021-10-10,49225
2021-10-11,70026
2021-10-12,94905
2021-10-13,80966
2021-10-14,94555
2021-10-15,112139
2021-10-16,95832
2021-10-17,47218
2021-10-18,82568
2021-10-19,88546
2021-10-20,82022
2021-10-21,93571
2021-10-22,107748
2021-10-23,92867
2021-10-24,54155
2021-10-25,81571
2021-10-26,79739
2021-10-27,74836
2021-10-28,85316
2021-10-29,107016
2021-10-30,81530
2021-10-31,33796
2021-11-01,83953
2021-11-02,89036
2021-11-03,92561
2021-11-04,94245
2021-11-05,103668
2021-11-06,91745
2021-11-07,51473
2021-11-08,84941
2021-11-09,92849
2021-11-10,95946
2021-11-11,85113
2021-11-12,105486
2021-11-13,99041
2021-11-14,54786
2021-11-15,88357
2021-11-16,94558
2021-11-17,95776
2021-11-18,92791
2021-11-19,114121
2021-11-20,101057
2021-11-21,58059
2021-11-22,96696
2021-11-23,105815
2021-11-24,112484
2021-11-25,26092
2021-11-26,187585
2021-11-27,99354
2021-11-28,44248
2021-11-29,82284
2021-11-30,93338
2021-12-01,104211
2021-12-02,107041
2021-12-03,119257
2021-12-04,108642
2021-12-05,56020
2021-12-06,97796
2021-12-07,107471
2021-12-08,102503
2021-12-09,110327
2021-12-10,121748
2021-12-11,113938
2021-12-12,61510
2021-12-13,100709
2021-12-14,108964
2021-12-15,111946
2021-12-16,111759
2021-12-17,132525
2021-12-18,127153
2021-12-19,68580
2021-12-20,110232
2021-12-21,128601
2021-12-22,126811
2021-12-23,139078
2021-12-24,90695
2021-12-25,17157
2021-12-26,58118
2021-12-27,98229
2021-12-28,90544
2021-12-29,91740
2021-12-30,98042
2021-12-31,77192
2022-01-01,52219
2022-01-02,55299
2022-01-03,87259
2022-01-04,96052
2022-01-05,89651
2022-01-06,117080
2022-01-07,99716
2022-01-08,92228
2022-01-09,50419
2022-01-10,93269
2022-01-11,86313
2022-01-12,80450
2022-01-13,94748
2022-01-14,121683
2022-01-15,88358
2022-01-16,47286
2022-01-17,60243
2022-01-18,94896
2022-01-19,85394
2022-01-20,84304
2022-01-21,98929
2022-01-22,89247
2022-01-23,50472
2022-01-24,78974
2022-01-25,93779
2022-01-26,104120
2022-01-27,95617
2022-01-28,98181
2022-01-29,70550
2022-01-30,49273
2022-01-31,85579
2022-02-01,94780
2022-02-02,88625
2022-02-03,85857
2022-02-04,92718
2022-02-05,94253
2022-02-06,56102
2022-02-07,88604
2022-02-08,90612
2022-02-09,94328
2022-02-10,84368
2022-02-11,109079
2022-02-12,99713
2022-02-13,49434
2022-02-14,82408
2022-02-15,92540
2022-02-16,94873
2022-02-17,91829
2022-02-18,106011
2022-02-19,106267
2022-02-20,45512
2022-02-21,78257
2022-02-22,98522
2022-02-23,97546
2022-02-24,118577
2022-02-25,130032
2022-02-26,123398
2022-02-27,66534
2022-02-28,94133
2022-03-01,115392
2022-03-02,119481
2022-03-03,115587
2022-03-04,120082
2022-03-05,118064
2022-03-06,58580
2022-03-07,98445
2022-03-08,103375
2022-03-09,110686
2022-03-10,110005
2022-03-11,122198
2022-03-12,108743
2022-03-13,59980
2022-03-14,87132
2022-03-15,107458
2022-03-16,108921
2022-03-17,108221
2022-03-18,117839
2022-03-19,108192
2022-03-20,53369
2022-03-21,83112
2022-03-22,91793
2022-03-23,109517
2022-03-24,108666
2022-03-25,129010
2022-03-26,107076
2022-03-27,47392
2022-03-28,76263
2022-03-29,101078
2022-03-30,86291
2022-03-31,89776
2022-04-01,111600
2022-04-02,105057
2022-04-03,51273
2022-04-04,87911
2022-04-05,92333
2022-04-06,92608
2022-04-07,96197
2022-04-08,112302
2022-04-09,94362
2022-04-10,50148
2022-04-11,85834
2022-04-12,96621
2022-04-13,88168
2022-04-14,102034
2022-04-15,106169
2022-04-16,89334
2022-04-17,31841
2022-04-18,87770
2022-04-19,90283
2022-04-20,93178
2022-04-21,88901
2022-04-22,98101
2022-04-23,77351
2022-04-24,68688
2022-04-25,123342
2022-04-26,125155
2022-04-27,108895
2022-04-28,89233
2022-04-29,103153
2022-04-30,80960
2022-05-01,47696
2022-05-02,85187
2022-05-03,87398
2022-05-04,84924
2022-05-05,86759
2022-05-06,99918
2022-05-07,80153
2022-05-08,41836
2022-05-09,63179
2022-05-10,95379
2022-05-11,87573
2022-05-12,87241
2022-05-13,94611
2022-05-14,70318
2022-05-15,45526
2022-05-16,77567
2022-05-17,78462
2022-05-18,85399
2022-05-19,82614
2022-05-20,90142
2022-05-21,77601
2022-05-22,47453
2022-05-23,77107
2022-05-24,73808
2022-05-25,82648
2022-05-26,96928
2022-05-27,94268
2022-05-28,81769
2022-05-29,31182
2022-05-30,33295
2022-05-31,72442
2022-06-01,91387
2022-06-02,95663
2022-06-03,111524
2022-06-04,88593
2022-06-05,51081
2022-06-06,85144
2022-06-07,96718
2022-06-08,94991
2022-06-09,97322
2022-06-10,105536
2022-06-11,88618
2022-06-12,52874
2022-06-13,89528
2022-06-14,94329
2022-06-15,97977
2022-06-16,94918
2022-06-17,96770
2022-06-18,93068
2022-06-19,44427
2022-06-20,74205
2022-06-21,89585
2022-06-22,90083
2022-06-23,93551
2022-06-24,103429
2022-06-25,85077
2022-06-26,44790
2022-06-27,81924
2022-06-28,78522
2022-06-29,76687
2022-06-30,82287
2022-07-01,113357
2022-07-02,80530
2022-07-03,41028
2022-07-04,34202
2022-07-05,84892
2022-07-06,88286
2022-07-07,90942
2022-07-08,95909
2022-07-09,75332
2022-07-10,39582
2022-07-11,74532
2022-07-12,89866
2022-07-13,82574
2022-07-14,93594
2022-07-15,104149
2022-07-16,83705
2022-07-17,44392
2022-07-18,71254
2022-07-19,86114
2022-07-20,77984
2022-07-21,92386
2022-07-22,90786
2022-07-23,84811
2022-07-24,51359
2022-07-25,72176
2022-07-26,89419
2022-07-27,89125
2022-07-28,77235
2022-07-29,94925
2022-07-30,75796
2022-07-31,34090
2022-08-01,74927
2022-08-02,77993
2022-08-03,83409
2022-08-04,77740
2022-08-05,93395
2022-08-06,75327
2022-08-07,36768
2022-08-08,66235
2022-08-09,79550
2022-08-10,83125
2022-08-11,79591
2022-08-12,88280
2022-08-13,75577
2022-08-14,47306
2022-08-15,79489
2022-08-16,92658
2022-08-17,92382
2022-08-18,94741
2022-08-19,110360
2022-08-20,99040
2022-08-21,47180
2022-08-22,83772
2022-08-23,93939
2022-08-24,104557
2022-08-25,102589
2022-08-26,108327
2022-08-27,91280
2022-08-28,56104
2022-08-29,71637
2022-08-30,74473
2022-08-31,76381
2022-09-01,89155
2022-09-02,116486
2022-09-03,85562
2022-09-04,44860
2022-09-05,43782
2022-09-06,85224
2022-09-07,82528
2022-09-08,87368
2022-09-09,98332
2022-09-10,91257
2022-09-11,40493
2022-09-12,85389
2022-09-13,88162
2022-09-14,92265
2022-09-15,88895
2022-09-16,102614
2022-09-17,87406
2022-09-18,46765
2022-09-19,82008
2022-09-20,87780
2022-09-21,96019
2022-09-22,101285
2022-09-23,102522
2022-09-24,88365
2022-09-25,47414
2022-09-26,79181
2022-09-27,86499
2022-09-28,75880
2022-09-29,75651
2022-09-30,91315
2022-10-01,91826
2022-10-02,51569
2022-10-03,80492
2022-10-04,84857
2022-10-05,86419
2022-10-06,91257
2022-10-07,100736
2022-10-08,86628
2022-10-09,50700
2022-10-10,67391
2022-10-11,83997
2022-10-12,89381
2022-10-13,96030
2022-10-14,95567
2022-10-15,80520
2022-10-16,53514
2022-10-17,83914
2022-10-18,98058
2022-10-19,87583
2022-10-20,90657
2022-10-21,102195
2022-10-22,90634
2022-10-23,50945
2022-10-24,81414
2022-10-25,80412
2022-10-26,76795
2022-10-27,85109
2022-10-28,94128
2022-10-29,91545
2022-10-30,40062
2022-10-31,66699
2022-11-01,91487
2022-11-02,92354
2022-11-03,101598
2022-11-04,106496
2022-11-05,96301
2022-11-06,56081
2022-11-07,83799
2022-11-08,86787
2022-11-09,98610
2022-11-10,103628
2022-11-11,97165
2022-11-12,90394
2022-11-13,59840
2022-11-14,88413
2022-11-15,93194
2022-11-16,85270
2022-11-17,104410
2022-11-18,115796
2022-11-19,102376
2022-11-20,57665
2022-11-21,103543
2022-11-22,109895
2022-11-23,116033
2022-11-24,29111
2022-11-25,192749
2022-11-26,99001
2022-11-27,51416
2022-11-28,95964
2022-11-29,88181
2022-11-30,90581
2022-12-01,106512
2022-12-02,119829
2022-12-03,110094
2022-12-04,61383
2022-12-05,93985
2022-12-06,103237
2022-12-07,104186
2022-12-08,106259
2022-12-09,127337
2022-12-10,108757
2022-12-11,53778
2022-12-12,101253
2022-12-13,105807
2022-12-14,108216
2022-12-15,104224
2022-12-16,136307
2022-12-17,122614
2022-12-18,63094
2022-12-19,99140
2022-12-20,111069
2022-12-21,124333
2022-12-22,121579
2022-12-23,129014
2022-12-24,69119
2022-12-25,15850
2022-12-26,72296
2022-12-27,85863
2022-12-28,90217
2022-12-29,103426
2022-12-30,106686
2022-12-31,71067
2023-01-01,42755
2023-01-02,71897
2023-01-03,93671
2023-01-04,99284
2023-01-05,97981
2023-01-06,105624
2023-01-07,100220
2023-01-08,54909
2023-01-09,92463
2023-01-10,91548
2023-01-11,87519
2023-01-12,98363
2023-01-13,114385
2023-01-14,101563
2023-01-15,57038
2023-01-16,65684
2023-01-17,88319
2023-01-18,86461
2023-01-19,98041
2023-01-20,106566
2023-01-21,89007
2023-01-22,57645
2023-01-23,93330
2023-01-24,92672
2023-01-25,103036
2023-01-26,94556
2023-01-27,102559
2023-01-28,88203
2023-01-29,41686
2023-01-30,73413
2023-01-31,83523
2023-02-01,95820
2023-02-02,95413
2023-02-03,106380
2023-02-04,100399
2023-02-05,55258
2023-02-06,87440
2023-02-07,95351
2023-02-08,97028
2023-02-09,93844
2023-02-10,97469
2023-02-11,103678
2023-02-12,44323
2023-02-13,82628
2023-02-14,98816
2023-02-15,96789
2023-02-16,97071
2023-02-17,110718
2023-02-18,107404
2023-02-19,49137
2023-02-20,78469
2023-02-21,97238
2023-02-22,106631
2023-02-23,116252
2023-02-24,124739
2023-02-25,102511
2023-02-26,51600
2023-02-27,86604
2023-02-28,86597
2023-03-01,99959
2023-03-02,113114
2023-03-03,120338
2023-03-04,104184
2023-03-05,59488
2023-03-06,84869
2023-03-07,106157
2023-03-08,90511
2023-03-09,96778
2023-03-10,114584
2023-03-11,93334
2023-03-12,51496
2023-03-13,96837
2023-03-14,94788
2023-03-15,87251
2023-03-16,112972
2023-03-17,105606
2023-03-18,95748
2023-03-19,60507
2023-03-20,97107
2023-03-21,112965
2023-03-22,108541
2023-03-23,106936
2023-03-24,116488
2023-03-25,108899
2023-03-26,61363
2023-03-27,95475
2023-03-28,107880
2023-03-29,108239
2023-03-30,108708
2023-03-31,115545
2023-04-01,111850
2023-04-02,63288
2023-04-03,90915
2023-04-04,98284
2023-04-05,99526
2023-04-06,114367
2023-04-07,122114
2023-04-08,91256
2023-04-09,36742
2023-04-10,90934
2023-04-11,95340
2023-04-12,108462
2023-04-13,105395
2023-04-14,122331
2023-04-15,91961
2023-04-16,51493
2023-04-17,105156
2023-04-18,108928
2023-04-19,107045
2023-04-20,108421
2023-04-21,121938
2023-04-22,99622
2023-04-23,54900
2023-04-24,100776
2023-04-25,93343
2023-04-26,109228
2023-04-27,111538
2023-04-28,114621
2023-04-29,85902
2023-04-30,44398
2023-05-01,103908
2023-05-02,103609
2023-05-03,107730
2023-05-04,108943
2023-05-05,112346
2023-05-06,81557
2023-05-07,51282
2023-05-08,103454
2023-05-09,103389
2023-05-10,95366
2023-05-11,107331
2023-05-12,100963
2023-05-13,80656
2023-05-14,42497
2023-05-15,94018
2023-05-16,81986
2023-05-17,82143
2023-05-18,83554
2023-05-19,93956
2023-05-20,79875
2023-05-21,46772
2023-05-22,74556
2023-05-23,74072
2023-05-24,74195
2023-05-25,95551
2023-05-26,92942
2023-05-27,71564
2023-05-28,30374
2023-05-29,42666
2023-05-30,64989
2023-05-31,65503
2023-06-01,82957
2023-06-02,105182
2023-06-03,76949
2023-06-04,41458
2023-06-05,87702
2023-06-06,77167
2023-06-07,78380
2023-06-08,78549
2023-06-09,100963
2023-06-10,73931
2023-06-11,42000
2023-06-12,71745
2023-06-13,77920
2023-06-14,84550
2023-06-15,85892
2023-06-16,103012
2023-06-17,72396
2023-06-18,34199
2023-06-19,56490
2023-06-20,77967
2023-06-21,82318
2023-06-22,78667
2023-06-23,97839
2023-06-24,73159
2023-06-25,43013
2023-06-26,79961
2023-06-27,80017
2023-06-28,74453
2023-06-29,65777
2023-06-30,78137
2023-07-01,69009
2023-07-02,40287
2023-07-03,66117
2023-07-04,35428
2023-07-05,71223
2023-07-06,73515
2023-07-07,84340
2023-07-08,69842
2023-07-09,38897
2023-07-10,70217
2023-07-11,73323
2023-07-12,76069
2023-07-13,68485
2023-07-14,89346
2023-07-15,74411
2023-07-16,40473
2023-07-17,65970
2023-07-18,68229
2023-07-19,66339
2023-07-20,78804
2023-07-21,76658
2023-07-22,60124
2023-07-23,37744
2023-07-24,71790
2023-07-25,76904
2023-07-26,75518
2023-07-27,80756
2023-07-28,75156
2023-07-29,57537
2023-07-30,28345
2023-07-31,54933
2023-08-01,70681
2023-08-02,73806
2023-08-03,79683
2023-08-04,85522
2023-08-05,69045
2023-08-06,39565
2023-08-07,67371
2023-08-08,73059
2023-08-09,78032
2023-08-10,76620
2023-08-11,84295
2023-08-12,72823
2023-08-13,35381
2023-08-14,73468
2023-08-15,69399
2023-08-16,69209
2023-08-17,77519
2023-08-18,75004
2023-08-19,65120
2023-08-20,34392
2023-08-21,72844
2023-08-22,85787
2023-08-23,77202
2023-08-24,72814
2023-08-25,80864
2023-08-26,68147
2023-08-27,32726
2023-08-28,63372
2023-08-29,72805
2023-08-30,76689
2023-08-31,70738
2023-09-01,88568
2023-09-02,66357
2023-09-03,33548
2023-09-04,34636
2023-09-05,67794
2023-09-06,64990
2023-09-07,75050
2023-09-08,77845
2023-09-09,68098
2023-09-10,35160
2023-09-11,61770
2023-09-12,74353
2023-09-13,67584
2023-09-14,74753
2023-09-15,80515
2023-09-16,66389
2023-09-17,34371
2023-09-18,62753
2023-09-19,89827
2023-09-20,83707
2023-09-21,82151
2023-09-22,96636
2023-09-23,79235
2023-09-24,45577
2023-09-25,85896
2023-09-26,77234
2023-09-27,81727
2023-09-28,72989
2023-09-29,95082
2023-09-30,80230
2023-10-01,43730
2023-10-02,70273
2023-10-03,74973
2023-10-04,73460
2023-10-05,80142
2023-10-06,86423
2023-10-07,72641
2023-10-08,40706
2023-10-09,64174
2023-10-10,76704
2023-10-11,84557
2023-10-12,87729
2023-10-13,108443
2023-10-14,82603
2023-10-15,36419
2023-10-16,69254
2023-10-17,44413
2023-10-18,104950
2023-10-19,79289
2023-10-20,90667
2023-10-21,78725
2023-10-22,38318
2023-10-23,64669
2023-10-24,71462
2023-10-25,73522
2023-10-26,79295
2023-10-27,92347
2023-10-28,79440
2023-10-29,38062
2023-10-30,72389
2023-10-31,95310
2023-11-01,89014
2023-11-02,93660
2023-11-03,118142
2023-11-04,91269
2023-11-05,51758
2023-11-06,82207
2023-11-07,84329
2023-11-08,99820
2023-11-09,94631
2023-11-10,87940
2023-11-11,88286
2023-11-12,43471
2023-11-13,80918
2023-11-14,97869
2023-11-15,90966
2023-11-16,94684
2023-11-17,113190
2023-11-18,95354
2023-11-19,52521
2023-11-20,79970
2023-11-21,101199
2023-11-22,110703
2023-11-23,26011
2023-11-24,214913
2023-11-25,87006
2023-11-26,42881
2023-11-27,73786
2023-11-28,86148
2023-11-29,91227
2023-11-30,88997
2023-12-01,115418
2023-12-02,94594
2023-12-03,50438
2023-12-04,84839
2023-12-05,92814
2023-12-06,88336
2023-12-07,92553
2023-12-08,109097
2023-12-09,99357
2023-12-10,52465
2023-12-11,85792
2023-12-12,94165
2023-12-13,96274
2023-12-14,97264
2023-12-15,120218
2023-12-16,110184
2023-12-17,56910
2023-12-18,88513
2023-12-19,110392
2023-12-20,99033
2023-12-21,115729
2023-12-22,141272
2023-12-23,109489
2023-12-24,41737
2023-12-25,6421
2023-12-26,83132
2023-12-27,100206
2023-12-28,84929
2023-12-29,98439
2023-12-30,77508
2023-12-31,33337
2024-01-01,33052
2024-01-02,81056
2024-01-03,84639
2024-01-04,86632
2024-01-05,95761
2024-01-06,81832
2024-01-07,41162
2024-01-08,72916
2024-01-09,71489
2024-01-10,82551
2024-01-11,83667
2024-01-12,103095
2024-01-13,70181
2024-01-14,45213
2024-01-15,50522
2024-01-16,58743
2024-01-17,85754
2024-01-18,79701
2024-01-19,89389
